,alt,cad,dst,hrt,lat,lon,pwr,spd,time,tmp,sec,id
355,142.0,83,1565.01,116,37.871594,-122.249292,159.0,5.589,2016-10-29 00:25:54,17,355.0,20161028171959
356,142.4,84,1571.28,116,37.871627,-122.249235,157.0,5.785,2016-10-29 00:25:55,17,356.0,20161028171959
357,142.6,85,1577.27,116,37.871657,-122.249178,192.0,5.86,2016-10-29 00:25:56,17,357.0,20161028171959
358,142.8,78,1583.37,116,37.871689,-122.249121,141.0,5.981,2016-10-29 00:25:57,17,358.0,20161028171959
359,142.8,77,1589.52,115,37.871718,-122.249062,177.0,5.962,2016-10-29 00:25:58,17,359.0,20161028171959
360,143.0,78,1595.67,116,37.87175,-122.249005,170.0,6.056,2016-10-29 00:25:59,17,360.0,20161028171959
361,143.0,78,1601.9,116,37.871778,-122.248943,204.0,6.13,2016-10-29 00:26:00,17,361.0,20161028171959
362,143.2,79,1608.18,116,37.871806,-122.248881,221.0,6.14,2016-10-29 00:26:01,17,362.0,20161028171959
363,143.2,79,1614.47,116,37.871831,-122.248817,175.0,6.196,2016-10-29 00:26:02,17,363.0,20161028171959
364,143.2,80,1620.79,117,37.871855,-122.248752,186.0,6.233,2016-10-29 00:26:03,17,364.0,20161028171959
365,143.2,80,1627.1,117,37.871878,-122.248686,185.0,6.224,2016-10-29 00:26:04,17,365.0,20161028171959
366,143.4,79,1633.42,118,37.871901,-122.248621,207.0,6.308,2016-10-29 00:26:05,17,366.0,20161028171959
367,143.4,80,1639.73,118,37.871924,-122.248555,207.0,6.224,2016-10-29 00:26:06,17,367.0,20161028171959
368,143.4,80,1646.11,118,37.871946,-122.248488,190.0,6.476,2016-10-29 00:26:07,17,368.0,20161028171959
369,143.4,80,1652.54,119,37.871968,-122.24842,190.0,6.373,2016-10-29 00:26:08,17,369.0,20161028171959
370,143.6,79,1658.91,120,37.871987,-122.248352,204.0,6.224,2016-10-29 00:26:09,17,370.0,20161028171959
371,143.6,79,1665.19,120,37.872004,-122.248284,196.0,6.233,2016-10-29 00:26:10,17,371.0,20161028171959
372,143.6,77,1671.53,121,37.872021,-122.248215,196.0,6.27,2016-10-29 00:26:11,17,372.0,20161028171959
373,143.8,79,1677.77,121,37.872039,-122.248148,198.0,6.074,2016-10-29 00:26:12,17,373.0,20161028171959
374,143.8,79,1684.0,122,37.872057,-122.248081,210.0,6.149,2016-10-29 00:26:13,17,374.0,20161028171959
375,143.8,77,1690.24,122,37.872075,-122.248014,210.0,6.102,2016-10-29 00:26:14,17,375.0,20161028171959
376,144.0,75,1696.42,122,37.872094,-122.247948,213.0,6.112,2016-10-29 00:26:15,17,376.0,20161028171959
377,144.0,75,1702.6,123,37.872114,-122.247882,212.0,6.046,2016-10-29 00:26:16,17,377.0,20161028171959
378,144.2,75,1708.7,123,37.872132,-122.247817,212.0,5.962,2016-10-29 00:26:17,17,378.0,20161028171959
379,144.4,74,1714.7,123,37.87215,-122.247752,180.0,5.99,2016-10-29 00:26:18,17,379.0,20161028171959
380,144.6,76,1720.72,124,37.872168,-122.247688,205.0,5.99,2016-10-29 00:26:19,17,380.0,20161028171959
381,144.8,74,1726.74,124,37.872188,-122.247624,224.0,6.037,2016-10-29 00:26:20,17,381.0,20161028171959
382,145.0,74,1732.77,124,37.872207,-122.24756,246.0,5.878,2016-10-29 00:26:21,17,382.0,20161028171959
383,145.4,71,1738.54,124,37.872226,-122.247499,246.0,5.729,2016-10-29 00:26:22,17,383.0,20161028171959
384,145.4,77,1744.2,124,37.872247,-122.24744,234.0,5.617,2016-10-29 00:26:23,17,384.0,20161028171959
385,145.8,76,1749.6,124,37.872264,-122.247383,259.0,5.337,2016-10-29 00:26:24,17,385.0,20161028171959
386,146.2,76,1754.89,124,37.872282,-122.247327,271.0,5.272,2016-10-29 00:26:25,17,386.0,20161028171959
387,146.4,81,1760.08,124,37.8723,-122.247272,273.0,5.132,2016-10-29 00:26:26,17,387.0,20161028171959
388,146.6,80,1765.15,124,37.872318,-122.247219,244.0,5.076,2016-10-29 00:26:27,17,388.0,20161028171959
389,146.8,76,1770.11,125,37.872335,-122.247167,235.0,4.889,2016-10-29 00:26:28,17,389.0,20161028171959
390,146.8,73,1774.9,125,37.872353,-122.247118,247.0,4.721,2016-10-29 00:26:29,17,390.0,20161028171959
391,147.2,73,1779.52,126,37.87237,-122.24707,254.0,4.628,2016-10-29 00:26:30,17,391.0,20161028171959
392,147.6,74,1784.09,126,37.872387,-122.247022,283.0,4.628,2016-10-29 00:26:31,17,392.0,20161028171959
393,148.0,76,1788.65,127,37.872403,-122.246975,265.0,4.609,2016-10-29 00:26:32,17,393.0,20161028171959
394,148.4,76,1793.28,128,37.87242,-122.246927,263.0,4.731,2016-10-29 00:26:33,17,394.0,20161028171959
395,148.8,77,1798.02,128,37.872438,-122.246878,263.0,4.759,2016-10-29 00:26:34,17,395.0,20161028171959
396,149.2,78,1802.77,129,37.872454,-122.246828,240.0,4.777,2016-10-29 00:26:35,17,396.0,20161028171959
397,149.6,75,1807.49,130,37.872467,-122.246777,241.0,4.777,2016-10-29 00:26:36,17,397.0,20161028171959
398,150.0,77,1812.23,131,37.872477,-122.246724,251.0,4.712,2016-10-29 00:26:37,17,398.0,20161028171959
399,150.4,74,1816.9,131,37.872488,-122.246673,250.0,4.703,2016-10-29 00:26:38,17,399.0,20161028171959
400,150.6,73,1821.52,132,37.872501,-122.246623,252.0,4.581,2016-10-29 00:26:39,17,400.0,20161028171959
401,151.0,74,1826.05,133,37.872512,-122.246574,247.0,4.591,2016-10-29 00:26:40,17,401.0,20161028171959
402,151.2,74,1830.63,133,37.872525,-122.246524,216.0,4.628,2016-10-29 00:26:41,17,402.0,20161028171959
403,151.4,74,1835.14,134,37.872537,-122.246475,216.0,4.6,2016-10-29 00:26:42,17,403.0,20161028171959
404,151.6,74,1839.7,134,37.872551,-122.246426,171.0,4.609,2016-10-29 00:26:43,17,404.0,20161028171959
405,151.8,74,1844.33,134,37.872566,-122.246377,169.0,4.656,2016-10-29 00:26:44,17,405.0,20161028171959
406,152.2,72,1848.92,135,37.872581,-122.246329,169.0,4.553,2016-10-29 00:26:45,17,406.0,20161028171959
407,152.4,76,1853.48,135,37.872598,-122.246281,221.0,4.553,2016-10-29 00:26:46,17,407.0,20161028171959
408,152.8,78,1858.12,135,37.872615,-122.246233,257.0,4.759,2016-10-29 00:26:47,17,408.0,20161028171959
409,153.0,78,1862.93,135,37.872635,-122.246185,212.0,4.88,2016-10-29 00:26:48,17,409.0,20161028171959
410,153.2,74,1867.85,134,37.872657,-122.246136,218.0,5.123,2016-10-29 00:26:49,17,410.0,20161028171959
411,153.4,76,1872.92,134,37.872677,-122.246084,242.0,5.151,2016-10-29 00:26:50,17,411.0,20161028171959
412,153.6,79,1878.09,134,37.872695,-122.24603,240.0,5.309,2016-10-29 00:26:51,17,412.0,20161028171959
413,154.0,79,1883.46,134,37.872716,-122.245975,237.0,5.402,2016-10-29 00:26:52,17,413.0,20161028171959
414,154.2,78,1888.85,134,37.872737,-122.24592,194.0,5.449,2016-10-29 00:26:53,17,414.0,20161028171959
415,154.2,78,1894.24,134,37.872758,-122.245864,231.0,5.374,2016-10-29 00:26:54,17,415.0,20161028171959
416,154.4,78,1899.65,134,37.872773,-122.245806,209.0,5.393,2016-10-29 00:26:55,17,416.0,20161028171959
417,154.4,80,1904.83,135,37.872787,-122.24575,209.0,5.309,2016-10-29 00:26:56,17,417.0,20161028171959
418,154.4,80,1909.96,135,37.872793,-122.245692,191.0,5.16,2016-10-29 00:26:57,17,418.0,20161028171959
419,154.6,80,1915.07,135,37.872796,-122.245634,215.0,5.16,2016-10-29 00:26:58,17,419.0,20161028171959
420,154.8,80,1920.21,135,37.872793,-122.245575,215.0,5.141,2016-10-29 00:26:59,17,420.0,20161028171959
421,155.0,80,1925.33,135,37.872792,-122.245517,235.0,5.123,2016-10-29 00:27:00,17,421.0,20161028171959
422,155.2,79,1930.32,136,37.872791,-122.245461,242.0,4.955,2016-10-29 00:27:01,17,422.0,20161028171959
423,155.4,77,1935.48,136,37.872789,-122.245402,246.0,5.197,2016-10-29 00:27:02,17,423.0,20161028171959
424,155.6,76,1940.75,136,37.872787,-122.245342,233.0,5.067,2016-10-29 00:27:03,17,424.0,20161028171959
425,155.6,77,1946.09,136,37.872789,-122.245281,249.0,5.207,2016-10-29 00:27:04,17,425.0,20161028171959
426,155.8,77,1951.49,136,37.872788,-122.24522,237.0,5.113,2016-10-29 00:27:05,17,426.0,20161028171959
427,155.8,75,1956.89,137,37.872786,-122.245159,237.0,5.281,2016-10-29 00:27:06,17,427.0,20161028171959
428,156.0,72,1962.17,137,37.872786,-122.245098,247.0,5.16,2016-10-29 00:27:07,17,428.0,20161028171959
429,156.0,74,1967.35,137,37.872786,-122.24504,287.0,4.936,2016-10-29 00:27:08,16,429.0,20161028171959
430,156.2,74,1972.63,137,37.872785,-122.244979,228.0,5.095,2016-10-29 00:27:09,16,430.0,20161028171959
431,156.4,77,1978.02,137,37.872785,-122.244918,228.0,5.169,2016-10-29 00:27:10,16,431.0,20161028171959
432,156.8,77,1983.42,138,37.872786,-122.244857,271.0,5.374,2016-10-29 00:27:11,16,432.0,20161028171959
433,157.0,76,1988.75,138,37.872787,-122.244796,267.0,5.263,2016-10-29 00:27:12,16,433.0,20161028171959
434,157.4,78,1994.17,139,37.872789,-122.244734,201.0,5.309,2016-10-29 00:27:13,16,434.0,20161028171959
435,157.6,79,1999.66,139,37.872789,-122.244672,196.0,5.412,2016-10-29 00:27:14,16,435.0,20161028171959
436,158.0,82,2005.22,139,37.872785,-122.244609,156.0,5.524,2016-10-29 00:27:15,16,436.0,20161028171959
437,158.2,81,2010.91,140,37.872778,-122.244545,184.0,5.617,2016-10-29 00:27:16,16,437.0,20161028171959
438,158.6,81,2016.73,140,37.872768,-122.24448,177.0,5.664,2016-10-29 00:27:17,16,438.0,20161028171959
439,159.0,82,2022.48,140,37.872761,-122.244415,231.0,5.673,2016-10-29 00:27:18,16,439.0,20161028171959
440,159.2,80,2028.19,140,37.872753,-122.244351,203.0,5.617,2016-10-29 00:27:19,16,440.0,20161028171959
441,159.4,78,2033.79,140,37.872745,-122.244288,168.0,5.468,2016-10-29 00:27:20,16,441.0,20161028171959
442,159.6,79,2039.38,140,37.872733,-122.244226,177.0,5.458,2016-10-29 00:27:21,16,442.0,20161028171959
443,159.6,79,2044.9,140,37.87272,-122.244166,232.0,5.468,2016-10-29 00:27:22,16,443.0,20161028171959
444,159.8,77,2050.44,140,37.872708,-122.244105,271.0,5.44,2016-10-29 00:27:23,16,444.0,20161028171959
445,159.8,78,2055.96,140,37.872697,-122.244043,276.0,5.346,2016-10-29 00:27:24,16,445.0,20161028171959
446,160.0,75,2061.27,139,37.872684,-122.243985,280.0,5.263,2016-10-29 00:27:25,16,446.0,20161028171959
447,160.0,75,2066.56,139,37.872672,-122.243927,261.0,5.207,2016-10-29 00:27:26,16,447.0,20161028171959
448,160.0,76,2071.78,139,37.872664,-122.243868,261.0,5.225,2016-10-29 00:27:27,16,448.0,20161028171959
449,160.2,76,2077.02,139,37.872659,-122.243809,242.0,5.216,2016-10-29 00:27:28,16,449.0,20161028171959
450,160.2,76,2082.14,139,37.872656,-122.243751,278.0,5.179,2016-10-29 00:27:29,16,450.0,20161028171959
451,160.4,75,2087.28,140,37.872656,-122.243693,278.0,5.113,2016-10-29 00:27:30,16,451.0,20161028171959
452,160.8,80,2092.23,140,37.872657,-122.243636,258.0,4.74,2016-10-29 00:27:31,16,452.0,20161028171959
453,161.0,78,2096.79,140,37.872659,-122.243584,303.0,4.385,2016-10-29 00:27:32,16,453.0,20161028171959
454,161.6,77,2101.17,140,37.872664,-122.243535,277.0,4.367,2016-10-29 00:27:33,16,454.0,20161028171959
455,162.0,75,2105.48,141,37.872668,-122.243486,262.0,4.236,2016-10-29 00:27:34,16,455.0,20161028171959
456,162.4,76,2109.71,141,37.872673,-122.243439,280.0,4.152,2016-10-29 00:27:35,16,456.0,20161028171959
457,162.6,75,2113.95,142,37.872675,-122.24339,273.0,4.115,2016-10-29 00:27:36,16,457.0,20161028171959
458,162.8,76,2118.24,142,37.872675,-122.243342,196.0,4.171,2016-10-29 00:27:37,16,458.0,20161028171959
459,163.0,76,2122.3,142,37.872671,-122.243296,243.0,3.9,2016-10-29 00:27:38,16,459.0,20161028171959
460,163.6,77,2126.11,143,37.872666,-122.243253,327.0,3.602,2016-10-29 00:27:39,16,460.0,20161028171959
461,164.0,77,2129.78,143,37.872663,-122.243211,335.0,3.63,2016-10-29 00:27:40,16,461.0,20161028171959
462,164.2,78,2133.44,144,37.872657,-122.24317,335.0,3.62,2016-10-29 00:27:41,16,462.0,20161028171959
463,164.6,79,2137.12,144,37.872649,-122.24313,356.0,3.611,2016-10-29 00:27:42,16,463.0,20161028171959
464,165.0,78,2140.81,145,37.87264,-122.243089,322.0,3.704,2016-10-29 00:27:43,16,464.0,20161028171959
465,165.4,78,2144.5,145,37.872632,-122.243049,298.0,3.686,2016-10-29 00:27:44,16,465.0,20161028171959
466,165.8,76,2148.17,145,37.872624,-122.243008,275.0,3.602,2016-10-29 00:27:45,16,466.0,20161028171959
467,166.2,75,2151.77,146,37.872616,-122.242968,276.0,3.508,2016-10-29 00:27:46,16,467.0,20161028171959
468,166.8,78,2155.37,146,37.872608,-122.242929,276.0,3.518,2016-10-29 00:27:47,16,468.0,20161028171959
469,167.4,78,2159.01,147,37.872601,-122.242888,272.0,3.676,2016-10-29 00:27:48,16,469.0,20161028171959
470,167.8,78,2162.7,147,37.872593,-122.242848,290.0,3.62,2016-10-29 00:27:49,16,470.0,20161028171959
471,168.2,79,2166.37,147,37.872584,-122.242807,253.0,3.667,2016-10-29 00:27:50,16,471.0,20161028171959
472,168.6,78,2170.06,146,37.872578,-122.242766,271.0,3.63,2016-10-29 00:27:51,16,472.0,20161028171959
473,169.0,81,2173.73,147,37.872571,-122.242725,298.0,3.695,2016-10-29 00:27:52,16,473.0,20161028171959
474,169.4,80,2177.5,146,37.872564,-122.242683,264.0,3.779,2016-10-29 00:27:53,16,474.0,20161028171959
475,169.6,79,2181.35,146,37.872558,-122.24264,285.0,3.695,2016-10-29 00:27:54,16,475.0,20161028171959
476,170.0,82,2185.21,146,37.872554,-122.242597,269.0,3.788,2016-10-29 00:27:55,16,476.0,20161028171959
477,170.2,80,2189.03,146,37.872552,-122.242553,255.0,3.844,2016-10-29 00:27:56,16,477.0,20161028171959
478,170.6,80,2192.84,146,37.87255,-122.24251,299.0,3.77,2016-10-29 00:27:57,16,478.0,20161028171959
479,171.0,78,2196.6,147,37.872547,-122.242467,299.0,3.695,2016-10-29 00:27:58,16,479.0,20161028171959
480,171.2,76,2200.25,147,37.872545,-122.242426,294.0,3.574,2016-10-29 00:27:59,16,480.0,20161028171959
481,171.6,76,2203.87,147,37.872543,-122.242385,260.0,3.602,2016-10-29 00:28:00,16,481.0,20161028171959
482,171.8,76,2207.45,148,37.872544,-122.242344,260.0,3.583,2016-10-29 00:28:01,16,482.0,20161028171959
483,172.2,76,2210.99,148,37.872546,-122.242304,271.0,3.536,2016-10-29 00:28:02,16,483.0,20161028171959
484,172.4,77,2214.54,148,37.872549,-122.242264,288.0,3.536,2016-10-29 00:28:03,16,484.0,20161028171959
485,172.6,77,2218.11,149,37.872548,-122.242223,277.0,3.611,2016-10-29 00:28:04,16,485.0,20161028171959
486,173.0,77,2221.74,150,37.872554,-122.242182,258.0,3.583,2016-10-29 00:28:05,16,486.0,20161028171959
487,173.4,75,2225.4,150,37.872562,-122.242142,271.0,3.602,2016-10-29 00:28:06,16,487.0,20161028171959
488,173.8,75,2229.05,150,37.87257,-122.242102,253.0,3.602,2016-10-29 00:28:07,16,488.0,20161028171959
489,174.0,75,2232.66,151,37.872579,-122.242062,252.0,3.508,2016-10-29 00:28:08,16,489.0,20161028171959
490,174.4,74,2236.24,151,37.87259,-122.242024,271.0,3.499,2016-10-29 00:28:09,16,490.0,20161028171959
491,174.8,74,2239.71,151,37.872599,-122.241986,288.0,3.443,2016-10-29 00:28:10,16,491.0,20161028171959
492,175.2,76,2243.24,152,37.872607,-122.241947,292.0,3.508,2016-10-29 00:28:11,16,492.0,20161028171959
493,175.6,76,2246.78,152,37.872615,-122.241908,288.0,3.546,2016-10-29 00:28:12,16,493.0,20161028171959
494,176.0,75,2250.39,152,37.872624,-122.241869,266.0,3.574,2016-10-29 00:28:13,16,494.0,20161028171959
495,176.6,75,2253.97,152,37.872632,-122.24183,284.0,3.527,2016-10-29 00:28:14,16,495.0,20161028171959
496,176.8,74,2257.51,151,37.87264,-122.24179,284.0,3.518,2016-10-29 00:28:15,16,496.0,20161028171959
497,177.0,74,2261.03,151,37.872647,-122.241751,290.0,3.452,2016-10-29 00:28:16,16,497.0,20161028171959
498,177.4,75,2264.56,151,37.872656,-122.241713,332.0,3.49,2016-10-29 00:28:17,16,498.0,20161028171959
499,177.6,74,2268.08,151,37.872664,-122.241674,284.0,3.48,2016-10-29 00:28:18,16,499.0,20161028171959
500,178.0,76,2271.63,152,37.872671,-122.241635,280.0,3.546,2016-10-29 00:28:19,16,500.0,20161028171959
501,178.2,76,2275.2,151,37.872678,-122.241595,276.0,3.49,2016-10-29 00:28:20,16,501.0,20161028171959
502,178.6,75,2278.75,152,37.872686,-122.241556,276.0,3.555,2016-10-29 00:28:21,16,502.0,20161028171959
503,179.0,76,2282.28,152,37.872693,-122.241517,269.0,3.508,2016-10-29 00:28:22,16,503.0,20161028171959
504,179.2,75,2285.82,152,37.872701,-122.241478,289.0,3.564,2016-10-29 00:28:23,16,504.0,20161028171959
505,179.6,73,2289.31,152,37.872708,-122.241439,297.0,3.424,2016-10-29 00:28:24,16,505.0,20161028171959
506,180.0,74,2292.76,152,37.872715,-122.241401,300.0,3.424,2016-10-29 00:28:25,16,506.0,20161028171959
507,180.2,75,2296.25,153,37.872724,-122.241363,303.0,3.499,2016-10-29 00:28:26,16,507.0,20161028171959
508,180.6,75,2299.75,153,37.87273,-122.241324,297.0,3.48,2016-10-29 00:28:27,16,508.0,20161028171959
509,180.8,75,2303.29,153,37.872739,-122.241285,312.0,3.499,2016-10-29 00:28:28,16,509.0,20161028171959
510,181.2,75,2306.81,154,37.872748,-122.241247,312.0,3.527,2016-10-29 00:28:29,16,510.0,20161028171959
511,181.6,76,2310.37,154,37.872758,-122.241208,297.0,3.564,2016-10-29 00:28:30,16,511.0,20161028171959
512,182.0,74,2313.9,154,37.872765,-122.241169,296.0,3.518,2016-10-29 00:28:31,16,512.0,20161028171959
513,182.4,73,2317.36,154,37.872774,-122.241132,311.0,3.49,2016-10-29 00:28:32,16,513.0,20161028171959
514,182.6,75,2320.82,154,37.872788,-122.241096,292.0,3.49,2016-10-29 00:28:33,16,514.0,20161028171959
515,183.0,75,2324.26,154,37.872802,-122.241061,293.0,3.396,2016-10-29 00:28:34,16,515.0,20161028171959
516,183.4,75,2327.82,155,37.872819,-122.241027,290.0,3.648,2016-10-29 00:28:35,16,516.0,20161028171959
517,183.6,75,2331.34,155,37.872837,-122.240994,296.0,3.462,2016-10-29 00:28:36,16,517.0,20161028171959
518,184.0,76,2334.79,155,37.872854,-122.240962,270.0,3.508,2016-10-29 00:28:37,16,518.0,20161028171959
519,184.4,75,2338.38,155,37.872875,-122.240931,297.0,3.611,2016-10-29 00:28:38,16,519.0,20161028171959
520,184.6,73,2341.93,156,37.872897,-122.240901,316.0,3.49,2016-10-29 00:28:39,16,520.0,20161028171959
521,185.0,74,2345.41,156,37.872919,-122.240872,327.0,3.406,2016-10-29 00:28:40,16,521.0,20161028171959
522,185.4,76,2348.88,156,37.872941,-122.240845,282.0,3.518,2016-10-29 00:28:41,16,522.0,20161028171959
523,185.8,75,2352.35,156,37.872965,-122.240819,274.0,3.518,2016-10-29 00:28:42,16,523.0,20161028171959
524,186.2,74,2355.93,157,37.872991,-122.240794,273.0,3.546,2016-10-29 00:28:43,16,524.0,20161028171959
525,186.6,74,2359.4,157,37.873016,-122.240771,263.0,3.452,2016-10-29 00:28:44,16,525.0,20161028171959
526,187.0,76,2362.97,156,37.873043,-122.240749,274.0,3.555,2016-10-29 00:28:45,16,526.0,20161028171959
527,187.4,77,2366.39,156,37.87307,-122.24073,278.0,3.443,2016-10-29 00:28:46,16,527.0,20161028171959
528,187.8,77,2369.9,157,37.873098,-122.240711,294.0,3.583,2016-10-29 00:28:47,16,528.0,20161028171959
529,188.0,77,2373.5,157,37.873127,-122.240694,304.0,3.592,2016-10-29 00:28:48,16,529.0,20161028171959
530,188.8,77,2377.1,157,37.873157,-122.240679,304.0,3.592,2016-10-29 00:28:49,16,530.0,20161028171959
531,189.2,77,2380.61,157,37.873187,-122.240665,322.0,3.434,2016-10-29 00:28:50,16,531.0,20161028171959
532,189.4,77,2384.15,158,37.873218,-122.240655,304.0,3.667,2016-10-29 00:28:51,16,532.0,20161028171959
533,189.8,76,2387.75,158,37.873249,-122.240643,304.0,3.63,2016-10-29 00:28:52,16,533.0,20161028171959
534,190.2,74,2391.23,158,37.873278,-122.240627,297.0,3.331,2016-10-29 00:28:53,15,534.0,20161028171959
535,190.4,74,2394.52,158,37.873304,-122.24061,301.0,3.284,2016-10-29 00:28:54,15,535.0,20161028171959
536,190.8,75,2398.01,158,37.873333,-122.240594,301.0,3.452,2016-10-29 00:28:55,15,536.0,20161028171959
537,191.0,76,2401.38,158,37.873361,-122.240579,284.0,3.415,2016-10-29 00:28:56,15,537.0,20161028171959
538,191.2,77,2404.74,159,37.87339,-122.240568,359.0,3.378,2016-10-29 00:28:57,15,538.0,20161028171959
539,191.4,78,2408.27,159,37.87342,-122.240557,346.0,3.555,2016-10-29 00:28:58,15,539.0,20161028171959
540,191.8,75,2411.81,159,37.873451,-122.240545,304.0,3.667,2016-10-29 00:28:59,15,540.0,20161028171959
541,192.2,73,2415.41,160,37.873482,-122.240534,282.0,3.564,2016-10-29 00:29:00,15,541.0,20161028171959
542,192.6,74,2418.85,160,37.873512,-122.240524,300.0,3.48,2016-10-29 00:29:01,15,542.0,20161028171959
543,192.8,73,2422.31,160,37.873543,-122.240517,311.0,3.387,2016-10-29 00:29:02,15,543.0,20161028171959
544,193.2,71,2425.55,160,37.873571,-122.24051,308.0,3.368,2016-10-29 00:29:03,15,544.0,20161028171959
545,193.6,70,2428.68,161,37.873599,-122.240502,316.0,3.051,2016-10-29 00:29:04,15,545.0,20161028171959
546,194.0,71,2431.25,161,37.873621,-122.240493,334.0,2.799,2016-10-29 00:29:05,15,546.0,20161028171959
547,194.2,73,2433.75,161,37.873642,-122.240483,335.0,2.529,2016-10-29 00:29:06,15,547.0,20161028171959
548,194.6,74,2436.3,161,37.873663,-122.240472,344.0,2.613,2016-10-29 00:29:07,15,548.0,20161028171959
549,195.0,74,2439.12,162,37.873687,-122.240461,324.0,2.809,2016-10-29 00:29:08,15,549.0,20161028171959
550,195.6,76,2442.0,162,37.87371,-122.240446,324.0,2.79,2016-10-29 00:29:09,15,550.0,20161028171959
551,196.0,76,2445.06,162,37.873735,-122.240429,282.0,2.967,2016-10-29 00:29:10,15,551.0,20161028171959
552,196.6,76,2448.22,162,37.873761,-122.240416,301.0,2.967,2016-10-29 00:29:11,15,552.0,20161028171959
553,197.0,75,2451.25,162,37.873787,-122.240404,301.0,2.781,2016-10-29 00:29:12,15,553.0,20161028171959
554,197.6,75,2454.43,162,37.873813,-122.24039,293.0,3.032,2016-10-29 00:29:13,15,554.0,20161028171959
555,197.8,74,2457.55,163,37.873838,-122.240374,303.0,2.958,2016-10-29 00:29:14,15,555.0,20161028171959
556,198.2,73,2460.74,163,37.873863,-122.240356,287.0,2.976,2016-10-29 00:29:15,15,556.0,20161028171959
557,198.6,72,2464.12,162,37.87389,-122.240338,305.0,2.986,2016-10-29 00:29:16,15,557.0,20161028171959
558,199.0,74,2467.43,163,37.873914,-122.240315,319.0,2.939,2016-10-29 00:29:17,15,558.0,20161028171959
559,199.2,71,2470.76,162,37.873936,-122.240289,320.0,2.986,2016-10-29 00:29:18,15,559.0,20161028171959
560,199.6,71,2473.88,162,37.873956,-122.240264,314.0,2.762,2016-10-29 00:29:19,15,560.0,20161028171959
561,200.0,77,2477.11,163,37.873979,-122.240241,344.0,2.631,2016-10-29 00:29:20,15,561.0,20161028171959
562,200.4,79,2480.21,162,37.873997,-122.240214,317.0,2.622,2016-10-29 00:29:21,15,562.0,20161028171959
563,200.6,81,2483.44,162,37.874014,-122.240184,286.0,2.781,2016-10-29 00:29:22,15,563.0,20161028171959
564,201.0,80,2486.86,162,37.874031,-122.240152,281.0,2.687,2016-10-29 00:29:23,15,564.0,20161028171959
565,201.8,81,2490.22,162,37.874044,-122.240117,301.0,2.827,2016-10-29 00:29:24,15,565.0,20161028171959
566,202.2,81,2493.74,162,37.874065,-122.240086,312.0,2.948,2016-10-29 00:29:25,15,566.0,20161028171959
567,202.6,79,2497.37,162,37.874085,-122.240053,301.0,3.135,2016-10-29 00:29:26,15,567.0,20161028171959
568,202.8,81,2501.07,163,37.874104,-122.240019,268.0,3.135,2016-10-29 00:29:27,15,568.0,20161028171959
569,203.2,76,2504.73,163,37.874125,-122.239987,287.0,3.182,2016-10-29 00:29:28,15,569.0,20161028171959
570,203.6,80,2508.39,163,37.874144,-122.239953,314.0,3.2,2016-10-29 00:29:29,15,570.0,20161028171959
571,204.0,79,2512.02,163,37.874164,-122.23992,293.0,3.312,2016-10-29 00:29:30,15,571.0,20161028171959
572,204.4,80,2515.69,163,37.874185,-122.239887,301.0,3.387,2016-10-29 00:29:31,15,572.0,20161028171959
573,204.8,81,2518.99,162,37.874204,-122.239858,289.0,3.042,2016-10-29 00:29:32,15,573.0,20161028171959
574,205.2,82,2522.29,162,37.874223,-122.23983,281.0,3.228,2016-10-29 00:29:33,15,574.0,20161028171959
575,205.6,79,2525.63,162,37.874239,-122.239798,266.0,3.116,2016-10-29 00:29:34,15,575.0,20161028171959
576,206.0,82,2529.05,162,37.874259,-122.239769,309.0,3.098,2016-10-29 00:29:35,15,576.0,20161028171959
577,206.2,84,2532.08,162,37.874275,-122.239741,293.0,2.771,2016-10-29 00:29:36,15,577.0,20161028171959
578,206.6,79,2534.89,162,37.874291,-122.239716,349.0,2.715,2016-10-29 00:29:37,15,578.0,20161028171959
579,207.0,79,2537.86,163,37.874308,-122.23969,297.0,3.014,2016-10-29 00:29:38,15,579.0,20161028171959
580,207.2,78,2541.11,162,37.874326,-122.23966,302.0,3.051,2016-10-29 00:29:39,15,580.0,20161028171959
581,207.6,77,2544.33,162,37.874339,-122.239627,285.0,2.93,2016-10-29 00:29:40,15,581.0,20161028171959
582,208.0,76,2547.42,162,37.874358,-122.239602,335.0,2.725,2016-10-29 00:29:41,15,582.0,20161028171959
583,208.4,76,2550.5,163,37.874374,-122.239573,308.0,2.874,2016-10-29 00:29:42,15,583.0,20161028171959
584,208.6,76,2553.41,162,37.874387,-122.239544,338.0,2.557,2016-10-29 00:29:43,15,584.0,20161028171959
585,209.0,77,2556.51,162,37.874398,-122.239511,305.0,2.641,2016-10-29 00:29:44,15,585.0,20161028171959
586,209.4,78,2559.98,162,37.874408,-122.239474,292.0,2.771,2016-10-29 00:29:45,15,586.0,20161028171959
587,209.8,78,2563.19,163,37.874421,-122.239441,305.0,2.753,2016-10-29 00:29:46,15,587.0,20161028171959
588,210.4,79,2566.62,163,37.874435,-122.239406,313.0,3.06,2016-10-29 00:29:47,15,588.0,20161028171959
589,210.8,77,2569.8,163,37.874448,-122.239373,322.0,2.771,2016-10-29 00:29:48,15,589.0,20161028171959
590,211.2,78,2573.37,163,37.874459,-122.239333,310.0,3.135,2016-10-29 00:29:49,15,590.0,20161028171959
591,211.4,77,2576.78,163,37.874474,-122.239299,335.0,2.948,2016-10-29 00:29:50,15,591.0,20161028171959
592,211.8,78,2580.11,163,37.87449,-122.239265,323.0,2.986,2016-10-29 00:29:51,15,592.0,20161028171959
593,212.2,77,2583.13,164,37.874506,-122.239237,313.0,2.939,2016-10-29 00:29:52,15,593.0,20161028171959
594,212.4,77,2586.2,164,37.874525,-122.239212,301.0,2.865,2016-10-29 00:29:53,15,594.0,20161028171959
595,212.6,77,2589.47,164,37.874546,-122.239185,301.0,3.126,2016-10-29 00:29:54,15,595.0,20161028171959
596,213.0,77,2592.88,164,37.874569,-122.239158,304.0,3.172,2016-10-29 00:29:55,15,596.0,20161028171959
597,213.4,77,2596.15,164,37.874592,-122.239134,313.0,3.116,2016-10-29 00:29:56,15,597.0,20161028171959
598,213.6,77,2599.38,164,37.874616,-122.239112,313.0,3.135,2016-10-29 00:29:57,15,598.0,20161028171959
599,214.6,77,2602.64,163,37.874641,-122.239093,295.0,3.154,2016-10-29 00:29:58,15,599.0,20161028171959
600,215.0,77,2605.92,163,37.874668,-122.239077,311.0,3.219,2016-10-29 00:29:59,15,600.0,20161028171959
601,215.2,77,2609.31,163,37.874696,-122.239062,311.0,3.34,2016-10-29 00:30:00,15,601.0,20161028171959
602,215.6,77,2612.56,163,37.874723,-122.239047,295.0,3.135,2016-10-29 00:30:01,15,602.0,20161028171959
603,216.0,76,2615.89,164,37.874751,-122.239034,308.0,3.163,2016-10-29 00:30:02,15,603.0,20161028171959
604,216.6,76,2619.07,164,37.874778,-122.239023,321.0,3.088,2016-10-29 00:30:03,15,604.0,20161028171959
605,216.8,76,2621.92,163,37.874803,-122.239013,331.0,2.902,2016-10-29 00:30:04,15,605.0,20161028171959
606,217.2,78,2624.88,164,37.874829,-122.239005,331.0,2.669,2016-10-29 00:30:05,15,606.0,20161028171959
607,217.6,75,2627.79,164,37.874854,-122.238995,333.0,2.986,2016-10-29 00:30:06,15,607.0,20161028171959
608,218.0,75,2630.83,163,37.87488,-122.238985,310.0,2.809,2016-10-29 00:30:07,15,608.0,20161028171959
609,218.4,76,2633.9,163,37.874905,-122.238971,310.0,2.93,2016-10-29 00:30:08,15,609.0,20161028171959
610,218.6,76,2637.16,164,37.874933,-122.238958,301.0,3.116,2016-10-29 00:30:09,15,610.0,20161028171959
611,219.0,76,2640.66,163,37.874963,-122.238947,302.0,3.051,2016-10-29 00:30:10,15,611.0,20161028171959
612,219.4,77,2644.0,163,37.874992,-122.238935,302.0,3.256,2016-10-29 00:30:11,15,612.0,20161028171959
613,219.6,78,2647.33,163,37.875019,-122.238919,316.0,3.322,2016-10-29 00:30:12,15,613.0,20161028171959
614,220.0,73,2650.61,163,37.875046,-122.238902,327.0,3.098,2016-10-29 00:30:13,15,614.0,20161028171959
615,220.4,72,2653.62,163,37.875069,-122.238885,363.0,2.874,2016-10-29 00:30:14,15,615.0,20161028171959
616,220.6,73,2656.91,163,37.875095,-122.238867,320.0,3.023,2016-10-29 00:30:15,15,616.0,20161028171959
617,221.0,73,2659.98,163,37.875117,-122.238846,315.0,3.014,2016-10-29 00:30:16,15,617.0,20161028171959
618,221.2,76,2663.12,164,37.875139,-122.238824,321.0,3.088,2016-10-29 00:30:17,15,618.0,20161028171959
619,221.6,77,2666.44,163,37.875163,-122.238801,287.0,3.154,2016-10-29 00:30:18,15,619.0,20161028171959
620,222.0,74,2669.8,164,37.875188,-122.238778,256.0,3.191,2016-10-29 00:30:19,15,620.0,20161028171959
621,222.4,75,2673.16,164,37.875213,-122.238758,260.0,3.219,2016-10-29 00:30:20,15,621.0,20161028171959
622,223.0,79,2676.56,164,37.87524,-122.23874,252.0,3.172,2016-10-29 00:30:21,15,622.0,20161028171959
623,223.4,76,2679.94,164,37.875268,-122.238724,272.0,3.2,2016-10-29 00:30:22,15,623.0,20161028171959
624,223.8,76,2683.17,164,37.875295,-122.238711,290.0,3.144,2016-10-29 00:30:23,15,624.0,20161028171959
625,224.4,76,2686.41,164,37.875323,-122.238698,286.0,3.163,2016-10-29 00:30:24,15,625.0,20161028171959
626,224.6,75,2689.69,164,37.875351,-122.238687,298.0,3.154,2016-10-29 00:30:25,15,626.0,20161028171959
627,225.0,78,2692.97,164,37.875379,-122.238677,302.0,3.182,2016-10-29 00:30:26,15,627.0,20161028171959
628,225.4,78,2696.25,164,37.875408,-122.238668,261.0,3.21,2016-10-29 00:30:27,15,628.0,20161028171959
629,226.0,79,2699.62,164,37.875437,-122.238659,275.0,3.294,2016-10-29 00:30:28,15,629.0,20161028171959
630,226.2,80,2702.98,164,37.875467,-122.238651,286.0,3.34,2016-10-29 00:30:29,15,630.0,20161028171959
631,226.8,79,2706.34,164,37.875497,-122.238646,262.0,3.303,2016-10-29 00:30:30,15,631.0,20161028171959
632,227.0,79,2709.68,164,37.875527,-122.238641,289.0,3.322,2016-10-29 00:30:31,15,632.0,20161028171959
633,227.4,79,2713.01,164,37.875557,-122.238638,262.0,3.284,2016-10-29 00:30:32,15,633.0,20161028171959
634,227.8,78,2716.34,163,37.875587,-122.238638,294.0,3.284,2016-10-29 00:30:33,15,634.0,20161028171959
635,228.4,82,2719.67,164,37.875617,-122.23864,301.0,3.294,2016-10-29 00:30:34,15,635.0,20161028171959
636,228.6,79,2723.06,163,37.875647,-122.238643,309.0,3.331,2016-10-29 00:30:35,15,636.0,20161028171959
637,229.0,75,2726.41,163,37.875677,-122.238647,299.0,3.21,2016-10-29 00:30:36,15,637.0,20161028171959
638,229.2,81,2729.64,163,37.875706,-122.238655,312.0,3.135,2016-10-29 00:30:37,15,638.0,20161028171959
639,229.6,77,2732.83,164,37.875733,-122.238665,270.0,3.21,2016-10-29 00:30:38,15,639.0,20161028171959
640,229.6,79,2736.08,163,37.875761,-122.238677,290.0,3.256,2016-10-29 00:30:39,15,640.0,20161028171959
641,230.2,80,2739.31,164,37.875788,-122.238692,302.0,3.191,2016-10-29 00:30:40,15,641.0,20161028171959
642,230.6,79,2742.59,164,37.875814,-122.23871,291.0,3.294,2016-10-29 00:30:41,15,642.0,20161028171959
643,231.0,78,2745.94,164,37.875839,-122.23873,300.0,3.312,2016-10-29 00:30:42,15,643.0,20161028171959
644,231.4,78,2749.0,164,37.875863,-122.238749,318.0,3.107,2016-10-29 00:30:43,15,644.0,20161028171959
645,231.6,78,2752.03,164,37.875884,-122.238771,284.0,3.07,2016-10-29 00:30:44,15,645.0,20161028171959
646,232.4,79,2755.13,165,37.875903,-122.238796,307.0,3.06,2016-10-29 00:30:45,15,646.0,20161028171959
647,232.8,80,2758.27,165,37.875921,-122.238824,300.0,3.098,2016-10-29 00:30:46,15,647.0,20161028171959
648,233.2,79,2761.26,165,37.875936,-122.238852,302.0,2.939,2016-10-29 00:30:47,15,648.0,20161028171959
649,233.6,80,2764.19,165,37.87595,-122.23888,289.0,2.948,2016-10-29 00:30:48,15,649.0,20161028171959
650,233.8,80,2767.1,165,37.875963,-122.238909,280.0,2.865,2016-10-29 00:30:49,15,650.0,20161028171959
651,234.2,78,2770.28,165,37.875974,-122.238942,300.0,3.163,2016-10-29 00:30:50,15,651.0,20161028171959
652,234.6,78,2773.67,165,37.875986,-122.238977,318.0,3.21,2016-10-29 00:30:51,15,652.0,20161028171959
653,235.0,78,2776.86,165,37.876,-122.23901,312.0,3.06,2016-10-29 00:30:52,15,653.0,20161028171959
654,235.4,78,2779.98,165,37.876008,-122.239044,312.0,2.902,2016-10-29 00:30:53,15,654.0,20161028171959
655,235.6,79,2782.82,165,37.876014,-122.239075,317.0,2.547,2016-10-29 00:30:54,15,655.0,20161028171959
656,236.0,79,2785.73,165,37.876017,-122.239108,332.0,2.911,2016-10-29 00:30:55,15,656.0,20161028171959
657,236.4,79,2788.76,165,37.87602,-122.239142,332.0,2.921,2016-10-29 00:30:56,15,657.0,20161028171959
658,236.8,81,2791.94,165,37.87602,-122.239178,338.0,2.986,2016-10-29 00:30:57,15,658.0,20161028171959
659,237.0,85,2795.2,165,37.876018,-122.239215,270.0,3.126,2016-10-29 00:30:58,15,659.0,20161028171959
660,237.4,72,2798.64,165,37.876011,-122.239253,339.0,3.219,2016-10-29 00:30:59,15,660.0,20161028171959
661,237.8,84,2802.27,165,37.876007,-122.239294,400.0,3.471,2016-10-29 00:31:00,15,661.0,20161028171959
662,238.2,93,2806.42,165,37.876,-122.239341,293.0,3.816,2016-10-29 00:31:01,15,662.0,20161028171959
663,238.6,91,2810.84,165,37.875992,-122.23939,290.0,4.133,2016-10-29 00:31:02,15,663.0,20161028171959
664,238.8,86,2815.67,165,37.875983,-122.239444,215.0,4.665,2016-10-29 00:31:03,15,664.0,20161028171959
665,239.2,86,2820.62,165,37.875973,-122.239499,252.0,4.749,2016-10-29 00:31:04,15,665.0,20161028171959
666,239.4,86,2825.53,166,37.875962,-122.239553,247.0,4.535,2016-10-29 00:31:05,15,666.0,20161028171959
667,240.0,84,2830.44,166,37.875953,-122.239607,318.0,4.777,2016-10-29 00:31:06,15,667.0,20161028171959
668,240.8,79,2835.21,165,37.875944,-122.23966,318.0,4.488,2016-10-29 00:31:07,15,668.0,20161028171959
669,241.0,73,2839.83,166,37.875937,-122.239712,269.0,4.376,2016-10-29 00:31:08,15,669.0,20161028171959
670,241.2,82,2844.1,165,37.875932,-122.23976,265.0,4.05,2016-10-29 00:31:09,15,670.0,20161028171959
671,241.2,80,2848.15,165,37.875925,-122.239805,321.0,3.816,2016-10-29 00:31:10,15,671.0,20161028171959
672,241.2,83,2851.91,166,37.875923,-122.239848,279.0,3.704,2016-10-29 00:31:11,15,672.0,20161028171959
673,241.4,84,2855.76,165,37.875919,-122.239892,271.0,3.546,2016-10-29 00:31:12,15,673.0,20161028171959
674,241.4,84,2859.44,165,37.875915,-122.239933,304.0,3.396,2016-10-29 00:31:13,15,674.0,20161028171959
675,241.6,83,2862.96,165,37.875909,-122.239972,328.0,3.238,2016-10-29 00:31:14,15,675.0,20161028171959
676,241.8,83,2866.56,166,37.875897,-122.240011,353.0,3.658,2016-10-29 00:31:15,15,676.0,20161028171959
677,242.2,77,2870.3,165,37.875885,-122.240051,345.0,3.434,2016-10-29 00:31:16,15,677.0,20161028171959
678,242.8,78,2873.78,166,37.87588,-122.24009,300.0,3.266,2016-10-29 00:31:17,15,678.0,20161028171959
679,243.2,78,2877.15,166,37.875879,-122.240128,308.0,3.238,2016-10-29 00:31:18,15,679.0,20161028171959
680,243.8,78,2880.54,165,37.875875,-122.240167,283.0,3.331,2016-10-29 00:31:19,14,680.0,20161028171959
681,244.2,73,2883.92,166,37.875868,-122.240204,250.0,3.34,2016-10-29 00:31:20,14,681.0,20161028171959
682,244.6,79,2886.81,165,37.875866,-122.240237,223.0,3.126,2016-10-29 00:31:21,14,682.0,20161028171959
683,245.0,70,2890.04,165,37.875865,-122.240273,270.0,3.06,2016-10-29 00:31:22,14,683.0,20161028171959
684,245.4,73,2893.1,165,37.875864,-122.240308,308.0,2.921,2016-10-29 00:31:23,14,684.0,20161028171959
685,246.0,75,2896.2,165,37.87586,-122.240343,277.0,3.07,2016-10-29 00:31:24,14,685.0,20161028171959
686,246.2,75,2899.32,165,37.875857,-122.240378,283.0,3.098,2016-10-29 00:31:25,14,686.0,20161028171959
687,246.4,76,2902.62,165,37.87585,-122.240415,305.0,3.163,2016-10-29 00:31:26,14,687.0,20161028171959
688,246.8,76,2905.91,165,37.875844,-122.240452,287.0,3.182,2016-10-29 00:31:27,14,688.0,20161028171959
689,247.2,75,2909.2,165,37.875837,-122.240488,293.0,3.191,2016-10-29 00:31:28,14,689.0,20161028171959
690,247.8,74,2912.49,165,37.875831,-122.240525,282.0,3.135,2016-10-29 00:31:29,14,690.0,20161028171959
691,248.2,76,2915.69,165,37.875825,-122.24056,298.0,3.154,2016-10-29 00:31:30,14,691.0,20161028171959
692,248.6,74,2918.89,165,37.875819,-122.240596,275.0,3.116,2016-10-29 00:31:31,14,692.0,20161028171959
693,248.8,75,2922.03,165,37.875813,-122.240631,290.0,3.07,2016-10-29 00:31:32,14,693.0,20161028171959
694,249.0,76,2925.06,165,37.875808,-122.240664,286.0,2.995,2016-10-29 00:31:33,14,694.0,20161028171959
695,249.4,75,2928.13,165,37.875803,-122.240699,293.0,3.042,2016-10-29 00:31:34,14,695.0,20161028171959
696,249.8,77,2931.31,165,37.875797,-122.240734,287.0,3.163,2016-10-29 00:31:35,14,696.0,20161028171959
697,250.2,76,2934.57,164,37.87579,-122.24077,307.0,3.238,2016-10-29 00:31:36,14,697.0,20161028171959
698,250.4,76,2937.88,164,37.875784,-122.240807,293.0,3.228,2016-10-29 00:31:37,14,698.0,20161028171959
699,250.8,76,2941.25,165,37.875777,-122.240844,302.0,3.284,2016-10-29 00:31:38,14,699.0,20161028171959
700,251.4,75,2944.46,164,37.87577,-122.24088,302.0,3.2,2016-10-29 00:31:39,14,700.0,20161028171959
701,251.6,76,2947.64,165,37.875763,-122.240915,308.0,3.144,2016-10-29 00:31:40,14,701.0,20161028171959
702,252.0,75,2950.91,165,37.875756,-122.240951,299.0,3.228,2016-10-29 00:31:41,14,702.0,20161028171959
703,252.8,76,2954.23,165,37.875748,-122.240987,297.0,3.294,2016-10-29 00:31:42,14,703.0,20161028171959
704,253.0,76,2957.54,165,37.87574,-122.241024,281.0,3.219,2016-10-29 00:31:43,14,704.0,20161028171959
705,253.4,76,2960.73,165,37.875735,-122.24106,281.0,3.144,2016-10-29 00:31:44,14,705.0,20161028171959
706,253.8,77,2963.96,165,37.87573,-122.241096,291.0,3.219,2016-10-29 00:31:45,14,706.0,20161028171959
707,254.2,77,2967.19,165,37.875725,-122.241132,293.0,3.21,2016-10-29 00:31:46,14,707.0,20161028171959
708,254.4,78,2970.42,166,37.875722,-122.241168,293.0,3.303,2016-10-29 00:31:47,14,708.0,20161028171959
709,254.8,78,2973.69,166,37.875716,-122.241205,313.0,3.219,2016-10-29 00:31:48,14,709.0,20161028171959
710,255.2,78,2976.9,166,37.875711,-122.241241,302.0,3.322,2016-10-29 00:31:49,14,710.0,20161028171959
711,255.4,79,2980.27,166,37.875704,-122.241278,302.0,3.378,2016-10-29 00:31:50,14,711.0,20161028171959
712,255.6,79,2983.64,166,37.875698,-122.241316,306.0,3.396,2016-10-29 00:31:51,14,712.0,20161028171959
713,256.0,79,2986.85,166,37.875695,-122.241352,304.0,3.312,2016-10-29 00:31:52,14,713.0,20161028171959
714,256.4,79,2990.22,166,37.875692,-122.24139,304.0,3.322,2016-10-29 00:31:53,14,714.0,20161028171959
715,257.0,78,2993.52,166,37.875689,-122.241427,314.0,3.219,2016-10-29 00:31:54,14,715.0,20161028171959
716,257.4,77,2996.82,166,37.875685,-122.241465,325.0,3.275,2016-10-29 00:31:55,14,716.0,20161028171959
717,257.6,76,3000.09,166,37.875682,-122.241502,329.0,3.191,2016-10-29 00:31:56,14,717.0,20161028171959
718,258.0,75,3003.3,166,37.875681,-122.241538,342.0,3.172,2016-10-29 00:31:57,14,718.0,20161028171959
719,258.4,73,3006.47,166,37.875682,-122.241574,304.0,3.126,2016-10-29 00:31:58,14,719.0,20161028171959
720,259.0,72,3009.59,165,37.875686,-122.241609,352.0,3.051,2016-10-29 00:31:59,14,720.0,20161028171959
721,259.2,72,3012.65,166,37.87569,-122.241644,349.0,2.967,2016-10-29 00:32:00,14,721.0,20161028171959
722,259.6,71,3015.65,166,37.875694,-122.241677,349.0,2.986,2016-10-29 00:32:01,14,722.0,20161028171959
723,260.2,71,3018.65,166,37.875701,-122.24171,355.0,2.93,2016-10-29 00:32:02,14,723.0,20161028171959
724,260.4,71,3021.66,166,37.875711,-122.241742,382.0,2.967,2016-10-29 00:32:03,14,724.0,20161028171959
725,260.8,74,3024.64,166,37.875722,-122.241773,415.0,2.976,2016-10-29 00:32:04,14,725.0,20161028171959
726,261.0,74,3027.68,166,37.875735,-122.241803,409.0,3.004,2016-10-29 00:32:05,14,726.0,20161028171959
727,261.6,74,3030.78,167,37.875749,-122.241834,409.0,3.107,2016-10-29 00:32:06,14,727.0,20161028171959
728,262.2,74,3033.94,167,37.875765,-122.241864,398.0,3.07,2016-10-29 00:32:07,14,728.0,20161028171959
729,262.6,73,3037.07,167,37.875782,-122.241892,392.0,3.032,2016-10-29 00:32:08,14,729.0,20161028171959
730,263.0,74,3040.16,167,37.875801,-122.241918,379.0,3.042,2016-10-29 00:32:09,14,730.0,20161028171959
731,263.4,74,3043.25,167,37.875823,-122.24194,388.0,3.023,2016-10-29 00:32:10,14,731.0,20161028171959
732,263.8,72,3046.34,168,37.875845,-122.241961,369.0,3.032,2016-10-29 00:32:11,14,732.0,20161028171959
733,264.2,74,3049.41,168,37.875869,-122.241979,388.0,3.06,2016-10-29 00:32:12,14,733.0,20161028171959
734,264.6,74,3052.55,169,37.875894,-122.241995,390.0,3.088,2016-10-29 00:32:13,14,734.0,20161028171959
735,265.0,74,3055.71,169,37.875921,-122.242008,421.0,3.07,2016-10-29 00:32:14,14,735.0,20161028171959
736,265.4,74,3058.8,169,37.875947,-122.242019,421.0,3.023,2016-10-29 00:32:15,14,736.0,20161028171959
737,266.4,73,3061.9,170,37.875974,-122.242028,416.0,3.088,2016-10-29 00:32:16,14,737.0,20161028171959
738,267.0,73,3065.01,170,37.876002,-122.242035,419.0,3.051,2016-10-29 00:32:17,14,738.0,20161028171959
739,267.4,74,3068.1,170,37.876029,-122.24204,393.0,3.06,2016-10-29 00:32:18,14,739.0,20161028171959
740,267.8,74,3071.26,171,37.876057,-122.242045,381.0,3.116,2016-10-29 00:32:19,14,740.0,20161028171959
741,268.4,74,3074.34,171,37.876085,-122.242048,378.0,3.014,2016-10-29 00:32:20,14,741.0,20161028171959
742,269.0,74,3077.44,171,37.876113,-122.242052,380.0,3.051,2016-10-29 00:32:21,14,742.0,20161028171959
743,269.6,74,3080.55,171,37.876141,-122.242053,375.0,3.07,2016-10-29 00:32:22,14,743.0,20161028171959
744,270.2,74,3083.74,171,37.876169,-122.242053,370.0,3.06,2016-10-29 00:32:23,14,744.0,20161028171959
745,270.8,74,3086.88,172,37.876198,-122.242051,370.0,3.098,2016-10-29 00:32:24,14,745.0,20161028171959
746,271.2,73,3090.07,172,37.876226,-122.24205,340.0,3.079,2016-10-29 00:32:25,14,746.0,20161028171959
747,271.8,73,3093.27,172,37.876255,-122.242049,361.0,3.051,2016-10-29 00:32:26,14,747.0,20161028171959
748,272.4,72,3096.38,172,37.876283,-122.242049,340.0,3.004,2016-10-29 00:32:27,14,748.0,20161028171959
749,272.8,72,3099.5,171,37.876311,-122.242049,346.0,3.042,2016-10-29 00:32:28,14,749.0,20161028171959
750,273.2,71,3102.6,172,37.876339,-122.242049,346.0,2.921,2016-10-29 00:32:29,14,750.0,20161028171959
751,273.6,73,3105.62,172,37.876367,-122.242049,369.0,2.948,2016-10-29 00:32:30,14,751.0,20161028171959
752,274.2,73,3108.71,171,37.876394,-122.24205,347.0,3.023,2016-10-29 00:32:31,14,752.0,20161028171959
753,274.6,73,3111.84,172,37.876422,-122.242052,350.0,3.032,2016-10-29 00:32:32,14,753.0,20161028171959
754,275.0,72,3114.97,172,37.876451,-122.242055,368.0,3.051,2016-10-29 00:32:33,14,754.0,20161028171959
755,275.6,73,3118.05,171,37.876478,-122.242059,376.0,2.958,2016-10-29 00:32:34,14,755.0,20161028171959
756,276.0,74,3121.13,172,37.876506,-122.242062,347.0,3.032,2016-10-29 00:32:35,14,756.0,20161028171959
757,276.4,72,3124.23,172,37.876534,-122.242065,371.0,3.004,2016-10-29 00:32:36,14,757.0,20161028171959
758,276.8,72,3127.27,172,37.876561,-122.242069,368.0,2.967,2016-10-29 00:32:37,14,758.0,20161028171959
759,277.0,74,3130.31,172,37.876588,-122.242075,368.0,3.07,2016-10-29 00:32:38,14,759.0,20161028171959
760,277.4,74,3133.38,173,37.876615,-122.242083,342.0,3.06,2016-10-29 00:32:39,14,760.0,20161028171959
761,277.8,74,3136.49,173,37.876642,-122.242091,340.0,3.079,2016-10-29 00:32:40,14,761.0,20161028171959
762,278.2,75,3139.58,173,37.876669,-122.242099,333.0,3.088,2016-10-29 00:32:41,14,762.0,20161028171959
763,278.6,74,3142.73,173,37.876697,-122.242107,346.0,3.182,2016-10-29 00:32:42,14,763.0,20161028171959
764,279.2,73,3145.83,173,37.876724,-122.242114,350.0,3.051,2016-10-29 00:32:43,14,764.0,20161028171959
765,279.6,73,3148.88,173,37.876751,-122.242122,362.0,3.06,2016-10-29 00:32:44,14,765.0,20161028171959
766,280.0,73,3151.92,174,37.876778,-122.24213,374.0,3.014,2016-10-29 00:32:45,14,766.0,20161028171959
767,280.4,73,3154.95,174,37.876804,-122.242138,364.0,3.042,2016-10-29 00:32:46,14,767.0,20161028171959
768,280.6,74,3158.01,174,37.876831,-122.242148,349.0,3.032,2016-10-29 00:32:47,14,768.0,20161028171959
769,281.0,74,3161.04,174,37.876856,-122.24216,367.0,3.023,2016-10-29 00:32:48,14,769.0,20161028171959
770,281.6,74,3164.1,174,37.876882,-122.242173,370.0,3.098,2016-10-29 00:32:49,14,770.0,20161028171959
771,282.2,74,3167.23,174,37.876908,-122.242187,368.0,3.079,2016-10-29 00:32:50,14,771.0,20161028171959
772,282.6,74,3170.28,174,37.876933,-122.2422,385.0,3.014,2016-10-29 00:32:51,14,772.0,20161028171959
773,283.0,73,3173.32,174,37.876959,-122.242212,385.0,3.023,2016-10-29 00:32:52,14,773.0,20161028171959
774,283.4,75,3176.43,175,37.876984,-122.242228,370.0,3.107,2016-10-29 00:32:53,14,774.0,20161028171959
775,284.0,75,3179.49,174,37.877009,-122.242242,368.0,3.07,2016-10-29 00:32:54,14,775.0,20161028171959
776,284.4,76,3182.57,174,37.877034,-122.242257,368.0,3.023,2016-10-29 00:32:55,14,776.0,20161028171959
777,284.8,77,3185.66,175,37.877059,-122.242272,356.0,3.116,2016-10-29 00:32:56,14,777.0,20161028171959
778,285.2,76,3188.81,174,37.877084,-122.24229,382.0,3.135,2016-10-29 00:32:57,14,778.0,20161028171959
779,285.6,76,3191.94,174,37.877108,-122.242308,361.0,3.023,2016-10-29 00:32:58,14,779.0,20161028171959
780,286.2,76,3195.42,175,37.877133,-122.242332,376.0,3.228,2016-10-29 00:32:59,14,780.0,20161028171959
781,286.6,77,3198.62,175,37.877157,-122.242352,358.0,3.172,2016-10-29 00:33:00,14,781.0,20161028171959
782,287.0,77,3201.88,175,37.877182,-122.242372,356.0,3.191,2016-10-29 00:33:01,14,782.0,20161028171959
783,287.4,78,3205.2,174,37.877207,-122.242393,379.0,3.219,2016-10-29 00:33:02,14,783.0,20161028171959
784,288.0,78,3208.5,175,37.877231,-122.242414,365.0,3.21,2016-10-29 00:33:03,14,784.0,20161028171959
785,288.4,76,3211.73,175,37.877254,-122.242437,360.0,3.191,2016-10-29 00:33:04,14,785.0,20161028171959
786,288.8,76,3214.96,175,37.877277,-122.24246,382.0,3.2,2016-10-29 00:33:05,14,786.0,20161028171959
787,289.4,75,3218.17,174,37.877299,-122.242484,382.0,3.135,2016-10-29 00:33:06,14,787.0,20161028171959
788,289.8,74,3221.35,175,37.877321,-122.242506,337.0,3.098,2016-10-29 00:33:07,14,788.0,20161028171959
789,290.4,76,3224.46,174,37.877343,-122.242528,383.0,3.051,2016-10-29 00:33:08,14,789.0,20161028171959
790,290.8,76,3227.59,175,37.877364,-122.242552,410.0,3.126,2016-10-29 00:33:09,14,790.0,20161028171959
791,291.4,79,3230.77,175,37.877385,-122.242577,372.0,3.088,2016-10-29 00:33:10,14,791.0,20161028171959
792,291.8,78,3233.94,174,37.877405,-122.242602,369.0,3.182,2016-10-29 00:33:11,14,792.0,20161028171959
793,292.2,78,3237.08,174,37.877425,-122.242629,366.0,3.051,2016-10-29 00:33:12,14,793.0,20161028171959
794,292.8,78,3240.27,175,37.877444,-122.242655,408.0,3.219,2016-10-29 00:33:13,14,794.0,20161028171959
795,293.2,79,3243.51,174,37.877464,-122.242682,379.0,3.219,2016-10-29 00:33:14,14,795.0,20161028171959
796,293.8,79,3246.85,174,37.877484,-122.24271,383.0,3.303,2016-10-29 00:33:15,14,796.0,20161028171959
797,294.2,79,3250.18,174,37.877504,-122.242739,378.0,3.294,2016-10-29 00:33:16,14,797.0,20161028171959
798,294.6,80,3253.46,175,37.877523,-122.242768,378.0,3.126,2016-10-29 00:33:17,14,798.0,20161028171959
799,295.0,79,3256.62,175,37.877541,-122.242795,369.0,3.359,2016-10-29 00:33:18,14,799.0,20161028171959
800,295.4,79,3260.07,175,37.87756,-122.242826,364.0,3.191,2016-10-29 00:33:19,14,800.0,20161028171959
801,295.8,79,3263.11,175,37.877578,-122.242852,370.0,3.098,2016-10-29 00:33:20,14,801.0,20161028171959
802,296.4,78,3266.32,175,37.877595,-122.242882,365.0,3.042,2016-10-29 00:33:21,14,802.0,20161028171959
803,297.0,78,3269.53,175,37.87761,-122.242913,368.0,3.088,2016-10-29 00:33:22,14,803.0,20161028171959
804,297.4,78,3272.67,175,37.877625,-122.242944,368.0,3.051,2016-10-29 00:33:23,14,804.0,20161028171959
805,297.8,79,3275.91,175,37.877639,-122.242976,293.0,3.322,2016-10-29 00:33:24,14,805.0,20161028171959
806,298.8,79,3279.25,175,37.877653,-122.243009,315.0,3.322,2016-10-29 00:33:25,14,806.0,20161028171959
807,299.2,79,3282.55,175,37.877668,-122.243042,315.0,3.266,2016-10-29 00:33:26,14,807.0,20161028171959
808,299.6,82,3285.85,175,37.877682,-122.243075,255.0,3.266,2016-10-29 00:33:27,14,808.0,20161028171959
809,300.0,83,3289.15,175,37.877697,-122.243108,255.0,3.275,2016-10-29 00:33:28,14,809.0,20161028171959
810,300.4,83,3292.47,174,37.877712,-122.24314,219.0,3.35,2016-10-29 00:33:29,14,810.0,20161028171959
811,300.8,77,3295.99,175,37.877729,-122.243174,262.0,3.555,2016-10-29 00:33:30,14,811.0,20161028171959
812,301.2,80,3299.6,174,37.877746,-122.243209,210.0,3.658,2016-10-29 00:33:31,14,812.0,20161028171959
813,301.6,82,3303.31,174,37.877762,-122.243246,206.0,3.704,2016-10-29 00:33:32,14,813.0,20161028171959
814,302.0,81,3306.97,175,37.877778,-122.243283,214.0,3.667,2016-10-29 00:33:33,14,814.0,20161028171959
815,302.2,83,3310.61,174,37.877792,-122.24332,213.0,3.639,2016-10-29 00:33:34,14,815.0,20161028171959
816,302.6,84,3314.17,174,37.877807,-122.243355,195.0,3.602,2016-10-29 00:33:35,14,816.0,20161028171959
817,303.0,83,3317.83,174,37.877824,-122.243391,195.0,3.704,2016-10-29 00:33:36,14,817.0,20161028171959
818,303.4,82,3321.42,174,37.87784,-122.243426,220.0,3.639,2016-10-29 00:33:37,14,818.0,20161028171959
819,303.6,80,3325.04,173,37.877857,-122.243462,254.0,3.667,2016-10-29 00:33:38,14,819.0,20161028171959
820,304.0,79,3328.71,173,37.877875,-122.243497,274.0,3.63,2016-10-29 00:33:39,14,820.0,20161028171959
821,304.2,81,3332.37,173,37.877891,-122.243533,281.0,3.686,2016-10-29 00:33:40,14,821.0,20161028171959
822,304.2,78,3335.76,172,37.877907,-122.243566,315.0,3.191,2016-10-29 00:33:41,14,822.0,20161028171959
823,304.4,78,3338.9,172,37.877922,-122.243597,338.0,3.07,2016-10-29 00:33:42,14,823.0,20161028171959
824,304.6,75,3341.87,172,37.877936,-122.243625,318.0,2.967,2016-10-29 00:33:43,14,824.0,20161028171959
825,304.6,75,3344.88,172,37.877953,-122.243652,335.0,3.023,2016-10-29 00:33:44,14,825.0,20161028171959
826,305.0,72,3347.91,172,37.87797,-122.243679,318.0,2.958,2016-10-29 00:33:45,14,826.0,20161028171959
827,305.2,73,3350.73,172,37.877987,-122.243704,344.0,2.659,2016-10-29 00:33:46,14,827.0,20161028171959
828,305.6,73,3353.38,172,37.877999,-122.243729,331.0,2.501,2016-10-29 00:33:47,14,828.0,20161028171959
829,306.0,73,3355.92,171,37.878009,-122.243755,331.0,2.239,2016-10-29 00:33:48,14,829.0,20161028171959
830,306.4,72,3358.71,171,37.878024,-122.24378,329.0,2.715,2016-10-29 00:33:49,14,830.0,20161028171959
831,306.8,72,3361.66,171,37.87804,-122.243808,344.0,2.641,2016-10-29 00:33:50,14,831.0,20161028171959
832,307.2,71,3364.35,171,37.878054,-122.243832,344.0,2.435,2016-10-29 00:33:51,14,832.0,20161028171959
833,307.6,70,3367.05,171,37.878071,-122.243855,393.0,2.641,2016-10-29 00:33:52,14,833.0,20161028171959
834,308.0,72,3369.88,171,37.878087,-122.243879,405.0,2.706,2016-10-29 00:33:53,14,834.0,20161028171959
835,308.4,71,3372.8,171,37.878105,-122.243903,381.0,2.79,2016-10-29 00:33:54,14,835.0,20161028171959
836,309.0,70,3375.7,171,37.878124,-122.243927,378.0,2.781,2016-10-29 00:33:55,14,836.0,20161028171959
837,309.2,70,3378.61,171,37.878144,-122.243949,389.0,2.79,2016-10-29 00:33:56,14,837.0,20161028171959
838,309.6,70,3381.51,172,37.878164,-122.243969,356.0,2.762,2016-10-29 00:33:57,14,838.0,20161028171959
839,310.0,68,3384.4,171,37.878185,-122.24399,316.0,2.762,2016-10-29 00:33:58,14,839.0,20161028171959
840,310.4,67,3387.26,172,37.878206,-122.244008,336.0,2.948,2016-10-29 00:33:59,14,840.0,20161028171959
841,311.0,67,3390.16,172,37.878228,-122.244026,358.0,2.659,2016-10-29 00:34:00,14,841.0,20161028171959
842,311.6,67,3392.91,172,37.878248,-122.244043,387.0,2.669,2016-10-29 00:34:01,14,842.0,20161028171959
843,312.0,69,3395.73,172,37.878269,-122.244063,387.0,2.725,2016-10-29 00:34:02,14,843.0,20161028171959
844,312.2,72,3398.73,172,37.87829,-122.244085,376.0,2.93,2016-10-29 00:34:03,14,844.0,20161028171959
845,312.6,71,3401.79,172,37.878312,-122.244107,368.0,2.921,2016-10-29 00:34:04,14,845.0,20161028171959
846,313.0,72,3404.8,172,37.878334,-122.244127,372.0,2.818,2016-10-29 00:34:05,14,846.0,20161028171959
847,313.4,73,3407.68,173,37.878356,-122.244144,401.0,2.958,2016-10-29 00:34:06,14,847.0,20161028171959
848,314.0,75,3410.73,173,37.878379,-122.244163,377.0,3.023,2016-10-29 00:34:07,14,848.0,20161028171959
849,314.4,74,3413.78,173,37.878402,-122.244181,386.0,2.921,2016-10-29 00:34:08,14,849.0,20161028171959
850,314.8,74,3416.82,173,37.878426,-122.244199,380.0,2.921,2016-10-29 00:34:09,13,850.0,20161028171959
851,315.4,74,3419.91,173,37.878449,-122.244218,393.0,3.014,2016-10-29 00:34:10,13,851.0,20161028171959
852,315.8,75,3423.07,174,37.878473,-122.244238,390.0,2.93,2016-10-29 00:34:11,13,852.0,20161028171959
853,316.2,77,3426.32,174,37.878499,-122.244256,368.0,3.042,2016-10-29 00:34:12,13,853.0,20161028171959
854,316.6,77,3429.63,174,37.878524,-122.244276,361.0,2.995,2016-10-29 00:34:13,13,854.0,20161028171959
855,317.0,76,3432.81,174,37.878548,-122.244297,361.0,3.051,2016-10-29 00:34:14,13,855.0,20161028171959
856,317.6,76,3435.9,174,37.87857,-122.244318,383.0,3.06,2016-10-29 00:34:15,13,856.0,20161028171959
857,318.0,77,3438.91,174,37.87859,-122.24434,355.0,2.939,2016-10-29 00:34:16,13,857.0,20161028171959
858,318.6,76,3442.17,174,37.87861,-122.244368,353.0,2.93,2016-10-29 00:34:17,13,858.0,20161028171959
859,319.0,77,3445.15,174,37.878627,-122.244394,347.0,2.631,2016-10-29 00:34:18,13,859.0,20161028171959
860,319.4,76,3448.35,174,37.878642,-122.244425,347.0,2.603,2016-10-29 00:34:19,13,860.0,20161028171959
861,319.8,76,3451.47,175,37.878656,-122.244456,352.0,2.631,2016-10-29 00:34:20,13,861.0,20161028171959
862,320.4,76,3454.73,174,37.878669,-122.244489,351.0,2.743,2016-10-29 00:34:21,13,862.0,20161028171959
863,320.8,78,3457.8,175,37.878681,-122.244521,351.0,2.837,2016-10-29 00:34:22,13,863.0,20161028171959
864,321.4,77,3461.02,175,37.878691,-122.244555,342.0,2.893,2016-10-29 00:34:23,13,864.0,20161028171959
865,321.8,77,3464.17,175,37.878701,-122.244589,333.0,2.883,2016-10-29 00:34:24,13,865.0,20161028171959
866,322.0,77,3467.45,175,37.878711,-122.244624,337.0,2.976,2016-10-29 00:34:25,13,866.0,20161028171959
867,322.4,77,3470.85,175,37.878721,-122.244661,350.0,3.116,2016-10-29 00:34:26,13,867.0,20161028171959
868,323.0,76,3474.29,175,37.878732,-122.244698,355.0,3.116,2016-10-29 00:34:27,13,868.0,20161028171959
869,323.4,76,3477.74,175,37.878741,-122.244735,346.0,3.126,2016-10-29 00:34:28,13,869.0,20161028171959
870,324.0,76,3480.88,175,37.878749,-122.244769,362.0,2.883,2016-10-29 00:34:29,13,870.0,20161028171959
871,324.6,74,3484.02,175,37.87876,-122.244803,362.0,2.911,2016-10-29 00:34:30,13,871.0,20161028171959
872,325.0,74,3487.0,175,37.87877,-122.244834,377.0,2.762,2016-10-29 00:34:31,13,872.0,20161028171959
873,325.4,74,3490.07,175,37.87878,-122.244867,373.0,2.948,2016-10-29 00:34:32,13,873.0,20161028171959
874,325.8,77,3493.34,176,37.87879,-122.244902,373.0,3.032,2016-10-29 00:34:33,13,874.0,20161028171959
875,326.2,78,3496.53,176,37.878801,-122.244935,373.0,3.051,2016-10-29 00:34:34,13,875.0,20161028171959
876,327.0,76,3499.87,176,37.878814,-122.24497,387.0,3.079,2016-10-29 00:34:35,13,876.0,20161028171959
877,327.4,77,3503.17,176,37.878826,-122.245004,376.0,3.172,2016-10-29 00:34:36,13,877.0,20161028171959
878,328.0,77,3506.52,176,37.87884,-122.245038,375.0,3.228,2016-10-29 00:34:37,13,878.0,20161028171959
879,328.4,79,3509.87,176,37.878853,-122.245072,409.0,3.191,2016-10-29 00:34:38,13,879.0,20161028171959
880,328.8,78,3513.3,176,37.878866,-122.245108,391.0,3.266,2016-10-29 00:34:39,13,880.0,20161028171959
881,329.2,79,3516.68,176,37.878881,-122.245142,406.0,3.284,2016-10-29 00:34:40,13,881.0,20161028171959
882,329.8,81,3520.25,176,37.878893,-122.245179,405.0,3.256,2016-10-29 00:34:41,13,882.0,20161028171959
883,330.2,80,3523.69,176,37.878906,-122.245215,379.0,3.34,2016-10-29 00:34:42,13,883.0,20161028171959
884,330.6,79,3527.13,176,37.878919,-122.24525,397.0,3.303,2016-10-29 00:34:43,13,884.0,20161028171959
885,331.0,79,3530.53,176,37.878932,-122.245285,379.0,3.303,2016-10-29 00:34:44,13,885.0,20161028171959
886,331.6,78,3533.91,176,37.878945,-122.24532,379.0,3.284,2016-10-29 00:34:45,13,886.0,20161028171959
887,332.0,78,3537.35,176,37.878958,-122.245356,363.0,3.228,2016-10-29 00:34:46,13,887.0,20161028171959
888,332.4,79,3540.57,175,37.878972,-122.245388,401.0,3.228,2016-10-29 00:34:47,13,888.0,20161028171959
889,333.0,80,3544.06,176,37.878988,-122.245422,360.0,3.312,2016-10-29 00:34:48,13,889.0,20161028171959
890,333.4,80,3547.52,176,37.879004,-122.245456,253.0,3.34,2016-10-29 00:34:49,13,890.0,20161028171959
891,333.8,75,3550.95,176,37.879021,-122.245488,229.0,3.368,2016-10-29 00:34:50,13,891.0,20161028171959
892,334.2,78,3554.28,175,37.879037,-122.24552,232.0,3.182,2016-10-29 00:34:51,13,892.0,20161028171959
893,334.8,81,3557.55,175,37.879055,-122.24555,167.0,3.303,2016-10-29 00:34:52,13,893.0,20161028171959
894,335.2,80,3560.97,175,37.879075,-122.24558,122.0,3.415,2016-10-29 00:34:53,13,894.0,20161028171959
895,335.6,71,3564.47,175,37.879095,-122.24561,201.0,3.415,2016-10-29 00:34:54,13,895.0,20161028171959
896,336.2,71,3568.14,175,37.879118,-122.245641,222.0,3.667,2016-10-29 00:34:55,13,896.0,20161028171959
897,336.6,77,3571.93,175,37.879143,-122.245669,222.0,3.854,2016-10-29 00:34:56,13,897.0,20161028171959
898,337.2,82,3575.89,175,37.879173,-122.245695,192.0,3.975,2016-10-29 00:34:57,13,898.0,20161028171959
899,337.4,82,3580.01,175,37.879206,-122.245716,169.0,4.395,2016-10-29 00:34:58,13,899.0,20161028171959
900,337.6,82,3584.46,174,37.879242,-122.245738,169.0,4.479,2016-10-29 00:34:59,13,900.0,20161028171959
901,338.0,80,3589.12,174,37.87928,-122.245759,162.0,4.647,2016-10-29 00:35:00,13,901.0,20161028171959
902,338.2,80,3593.92,174,37.87932,-122.245781,185.0,4.815,2016-10-29 00:35:01,13,902.0,20161028171959
903,338.2,84,3598.96,174,37.879362,-122.245803,185.0,5.085,2016-10-29 00:35:02,13,903.0,20161028171959
904,338.4,82,3604.3,174,37.879406,-122.245827,202.0,5.16,2016-10-29 00:35:03,13,904.0,20161028171959
905,338.4,86,3609.6,173,37.87945,-122.24585,194.0,5.188,2016-10-29 00:35:04,13,905.0,20161028171959
906,338.4,89,3614.96,173,37.879495,-122.245874,146.0,5.328,2016-10-29 00:35:05,13,906.0,20161028171959
907,338.6,85,3620.51,173,37.879541,-122.245898,114.0,5.552,2016-10-29 00:35:06,13,907.0,20161028171959
908,338.6,81,3626.28,173,37.879589,-122.245922,173.0,5.682,2016-10-29 00:35:07,13,908.0,20161028171959
909,338.8,83,3632.08,172,37.879638,-122.245947,150.0,5.682,2016-10-29 00:35:08,13,909.0,20161028171959
910,338.8,83,3637.94,172,37.879687,-122.245971,150.0,5.832,2016-10-29 00:35:09,13,910.0,20161028171959
911,338.8,82,3643.84,171,37.879736,-122.245996,150.0,5.841,2016-10-29 00:35:10,13,911.0,20161028171959
912,339.0,82,3649.73,171,37.879785,-122.246022,103.0,5.757,2016-10-29 00:35:11,13,912.0,20161028171959
913,339.0,79,3655.42,171,37.879833,-122.246046,109.0,5.636,2016-10-29 00:35:12,13,913.0,20161028171959
914,339.0,82,3661.08,170,37.87988,-122.246069,122.0,5.458,2016-10-29 00:35:13,13,914.0,20161028171959
915,339.0,85,3666.72,170,37.879928,-122.246092,143.0,5.701,2016-10-29 00:35:14,13,915.0,20161028171959
916,339.0,78,3672.58,169,37.879976,-122.246118,124.0,5.841,2016-10-29 00:35:15,13,916.0,20161028171959
917,339.2,78,3678.4,169,37.880024,-122.246145,149.0,6.0,2016-10-29 00:35:16,13,917.0,20161028171959
918,339.2,79,3684.65,169,37.880076,-122.246173,167.0,6.186,2016-10-29 00:35:17,13,918.0,20161028171959
919,339.2,84,3691.05,168,37.880128,-122.246204,156.0,6.317,2016-10-29 00:35:18,13,919.0,20161028171959
920,339.2,84,3697.49,167,37.880179,-122.24624,131.0,6.448,2016-10-29 00:35:19,13,920.0,20161028171959
921,339.4,84,3704.06,167,37.880227,-122.246283,121.0,6.578,2016-10-29 00:35:20,13,921.0,20161028171959
922,339.4,87,3710.75,166,37.880273,-122.246332,113.0,6.662,2016-10-29 00:35:21,13,922.0,20161028171959
923,339.4,90,3717.63,165,37.880316,-122.246388,151.0,6.923,2016-10-29 00:35:22,13,923.0,20161028171959
924,339.4,101,3724.75,165,37.880355,-122.246453,187.0,7.287,2016-10-29 00:35:23,13,924.0,20161028171959
925,339.4,0,3732.25,164,37.880389,-122.246527,0.0,7.66,2016-10-29 00:35:24,13,925.0,20161028171959
926,339.4,0,3739.98,164,37.880418,-122.246607,0.0,7.838,2016-10-29 00:35:25,13,926.0,20161028171959
927,339.4,0,3747.88,163,37.880442,-122.246692,0.0,7.968,2016-10-29 00:35:26,13,927.0,20161028171959
928,339.4,0,3756.02,163,37.880462,-122.246781,0.0,8.202,2016-10-29 00:35:27,13,928.0,20161028171959
929,339.2,0,3764.32,162,37.880484,-122.246871,0.0,8.286,2016-10-29 00:35:28,13,929.0,20161028171959
930,339.0,0,3772.76,162,37.880509,-122.246962,0.0,8.612,2016-10-29 00:35:29,13,930.0,20161028171959
931,338.8,0,3781.49,161,37.88054,-122.247053,0.0,8.65,2016-10-29 00:35:30,13,931.0,20161028171959
932,338.8,7,3790.14,161,37.88058,-122.247138,0.0,8.528,2016-10-29 00:35:31,13,932.0,20161028171959
933,338.6,91,3798.61,160,37.880628,-122.247213,195.0,7.894,2016-10-29 00:35:32,13,933.0,20161028171959
934,338.4,82,3806.27,160,37.88068,-122.24727,238.0,7.287,2016-10-29 00:35:33,13,934.0,20161028171959
935,338.2,81,3813.05,159,37.880735,-122.247307,234.0,6.308,2016-10-29 00:35:34,13,935.0,20161028171959
936,338.2,81,3819.0,159,37.880786,-122.247325,269.0,5.617,2016-10-29 00:35:35,13,936.0,20161028171959
937,338.2,82,3824.3,158,37.880834,-122.247332,269.0,4.955,2016-10-29 00:35:36,13,937.0,20161028171959
938,338.2,82,3829.01,158,37.880876,-122.247332,307.0,4.488,2016-10-29 00:35:37,13,938.0,20161028171959
939,338.2,81,3833.32,158,37.880915,-122.247326,275.0,4.04,2016-10-29 00:35:38,13,939.0,20161028171959
940,338.2,83,3837.31,158,37.88095,-122.247316,287.0,3.807,2016-10-29 00:35:39,13,940.0,20161028171959
941,338.2,83,3841.15,157,37.880982,-122.247301,337.0,3.499,2016-10-29 00:35:40,13,941.0,20161028171959
942,338.2,81,3844.7,157,37.881011,-122.247284,307.0,3.424,2016-10-29 00:35:41,13,942.0,20161028171959
943,338.2,79,3848.18,157,37.881038,-122.247264,335.0,3.368,2016-10-29 00:35:42,13,943.0,20161028171959
944,338.4,80,3851.6,157,37.881064,-122.247242,335.0,3.303,2016-10-29 00:35:43,13,944.0,20161028171959
945,339.6,80,3855.01,156,37.881087,-122.247217,329.0,3.35,2016-10-29 00:35:44,13,945.0,20161028171959
946,340.0,78,3858.49,156,37.881108,-122.247188,331.0,3.312,2016-10-29 00:35:45,13,946.0,20161028171959
947,341.0,80,3861.98,156,37.881127,-122.247156,403.0,3.294,2016-10-29 00:35:46,13,947.0,20161028171959
948,341.6,81,3865.43,156,37.881144,-122.247123,403.0,3.34,2016-10-29 00:35:47,13,948.0,20161028171959
949,342.2,82,3868.9,156,37.881158,-122.247088,329.0,3.378,2016-10-29 00:35:48,13,949.0,20161028171959
950,342.6,81,3872.4,157,37.88117,-122.247051,316.0,3.378,2016-10-29 00:35:49,13,950.0,20161028171959
951,343.0,80,3875.88,156,37.881178,-122.247013,312.0,3.35,2016-10-29 00:35:50,13,951.0,20161028171959
952,343.4,80,3879.36,157,37.881184,-122.246974,304.0,3.331,2016-10-29 00:35:51,13,952.0,20161028171959
953,343.8,79,3882.85,157,37.881188,-122.246934,297.0,3.35,2016-10-29 00:35:52,13,953.0,20161028171959
954,344.4,80,3886.33,157,37.881192,-122.246895,286.0,3.359,2016-10-29 00:35:53,13,954.0,20161028171959
955,345.0,79,3889.8,158,37.881195,-122.246856,294.0,3.34,2016-10-29 00:35:54,13,955.0,20161028171959
956,345.4,80,3893.22,158,37.881198,-122.246817,298.0,3.312,2016-10-29 00:35:55,13,956.0,20161028171959
957,345.8,80,3896.62,158,37.8812,-122.246779,283.0,3.34,2016-10-29 00:35:56,13,957.0,20161028171959
958,346.0,81,3900.03,158,37.8812,-122.24674,314.0,3.35,2016-10-29 00:35:57,13,958.0,20161028171959
959,346.6,81,3903.47,159,37.881199,-122.246701,291.0,3.396,2016-10-29 00:35:58,13,959.0,20161028171959
960,347.0,81,3906.94,159,37.881197,-122.246661,288.0,3.415,2016-10-29 00:35:59,13,960.0,20161028171959
961,347.4,80,3910.38,159,37.881195,-122.246622,292.0,3.35,2016-10-29 00:36:00,13,961.0,20161028171959
962,347.8,81,3913.79,159,37.881193,-122.246584,299.0,3.359,2016-10-29 00:36:01,13,962.0,20161028171959
963,348.0,80,3917.19,160,37.881191,-122.246545,302.0,3.312,2016-10-29 00:36:02,13,963.0,20161028171959
964,348.2,80,3920.57,160,37.88119,-122.246507,298.0,3.359,2016-10-29 00:36:03,13,964.0,20161028171959
965,348.6,79,3923.94,160,37.881187,-122.246469,324.0,3.303,2016-10-29 00:36:04,13,965.0,20161028171959
966,348.8,80,3927.09,160,37.881183,-122.246433,304.0,2.976,2016-10-29 00:36:05,13,966.0,20161028171959
967,349.2,78,3930.18,160,37.881179,-122.246398,332.0,3.042,2016-10-29 00:36:06,13,967.0,20161028171959
968,349.6,79,3933.39,160,37.881178,-122.246362,326.0,3.144,2016-10-29 00:36:07,13,968.0,20161028171959
969,350.0,79,3936.68,160,37.881178,-122.246324,333.0,3.135,2016-10-29 00:36:08,13,969.0,20161028171959
970,350.4,79,3939.97,161,37.881177,-122.246287,343.0,3.042,2016-10-29 00:36:09,13,970.0,20161028171959
971,350.8,80,3943.05,161,37.881176,-122.246252,335.0,3.042,2016-10-29 00:36:10,13,971.0,20161028171959
972,351.2,80,3946.29,161,37.881175,-122.246215,327.0,3.228,2016-10-29 00:36:11,13,972.0,20161028171959
973,351.6,81,3949.61,161,37.881173,-122.246178,327.0,3.238,2016-10-29 00:36:12,13,973.0,20161028171959
974,352.0,80,3952.99,160,37.881172,-122.246139,312.0,3.182,2016-10-29 00:36:13,13,974.0,20161028171959
975,352.4,80,3956.43,161,37.881169,-122.2461,303.0,3.331,2016-10-29 00:36:14,13,975.0,20161028171959
976,352.6,82,3959.96,161,37.881167,-122.24606,303.0,3.424,2016-10-29 00:36:15,13,976.0,20161028171959
977,353.2,83,3963.55,161,37.881165,-122.246019,274.0,3.49,2016-10-29 00:36:16,13,977.0,20161028171959
978,353.6,82,3966.99,162,37.881164,-122.24598,285.0,3.284,2016-10-29 00:36:17,13,978.0,20161028171959
979,354.2,82,3970.28,162,37.881164,-122.245943,292.0,3.163,2016-10-29 00:36:18,13,979.0,20161028171959
980,354.4,81,3973.74,162,37.881166,-122.245904,281.0,3.368,2016-10-29 00:36:19,13,980.0,20161028171959
981,354.8,82,3976.98,162,37.881167,-122.245867,276.0,3.172,2016-10-29 00:36:20,13,981.0,20161028171959
982,355.2,82,3980.23,163,37.881166,-122.24583,291.0,3.116,2016-10-29 00:36:21,13,982.0,20161028171959
983,355.8,81,3983.22,163,37.881168,-122.245796,272.0,2.911,2016-10-29 00:36:22,13,983.0,20161028171959
984,356.2,79,3986.21,163,37.881175,-122.245763,283.0,2.883,2016-10-29 00:36:23,13,984.0,20161028171959
985,356.4,79,3989.22,163,37.881182,-122.24573,288.0,2.715,2016-10-29 00:36:24,13,985.0,20161028171959
986,356.6,79,3992.44,163,37.881185,-122.245693,317.0,2.967,2016-10-29 00:36:25,13,986.0,20161028171959
987,357.0,80,3995.65,163,37.881188,-122.245657,317.0,3.098,2016-10-29 00:36:26,13,987.0,20161028171959
988,357.2,81,3999.32,164,37.881192,-122.245616,295.0,3.406,2016-10-29 00:36:27,13,988.0,20161028171959
989,357.6,81,4003.08,164,37.881196,-122.245573,286.0,3.368,2016-10-29 00:36:28,13,989.0,20161028171959
990,358.0,84,4006.69,164,37.881202,-122.245533,286.0,3.35,2016-10-29 00:36:29,13,990.0,20161028171959
991,358.4,82,4010.31,164,37.881208,-122.245492,306.0,3.359,2016-10-29 00:36:30,13,991.0,20161028171959
992,358.8,82,4013.79,164,37.881216,-122.245454,308.0,3.107,2016-10-29 00:36:31,13,992.0,20161028171959
993,359.2,81,4017.22,165,37.881221,-122.245415,308.0,3.228,2016-10-29 00:36:32,13,993.0,20161028171959
994,359.6,80,4020.72,164,37.88123,-122.245377,331.0,3.284,2016-10-29 00:36:33,13,994.0,20161028171959
995,360.0,80,4024.08,165,37.881238,-122.24534,359.0,3.172,2016-10-29 00:36:34,13,995.0,20161028171959
996,360.4,80,4027.47,165,37.881245,-122.245303,318.0,3.21,2016-10-29 00:36:35,13,996.0,20161028171959
997,360.6,80,4030.77,165,37.881256,-122.245267,331.0,3.144,2016-10-29 00:36:36,13,997.0,20161028171959
998,361.0,79,4033.96,165,37.881267,-122.245234,330.0,2.986,2016-10-29 00:36:37,13,998.0,20161028171959
999,361.4,79,4037.04,166,37.881281,-122.245204,338.0,2.865,2016-10-29 00:36:38,13,999.0,20161028171959
1000,361.8,80,4040.38,166,37.881297,-122.245172,332.0,3.275,2016-10-29 00:36:39,13,1000.0,20161028171959
1001,362.4,79,4043.66,166,37.881311,-122.245139,328.0,3.228,2016-10-29 00:36:40,13,1001.0,20161028171959
1002,362.8,79,4046.91,166,37.881326,-122.245107,383.0,3.163,2016-10-29 00:36:41,13,1002.0,20161028171959
1003,363.2,80,4049.91,166,37.88134,-122.245078,356.0,2.874,2016-10-29 00:36:42,13,1003.0,20161028171959
1004,363.6,79,4052.93,166,37.881357,-122.24505,322.0,3.023,2016-10-29 00:36:43,13,1004.0,20161028171959
1005,364.0,80,4055.96,167,37.881373,-122.245023,364.0,2.948,2016-10-29 00:36:44,13,1005.0,20161028171959
1006,364.4,80,4058.91,167,37.88139,-122.244997,350.0,2.986,2016-10-29 00:36:45,13,1006.0,20161028171959
1007,364.8,84,4061.83,167,37.881407,-122.244971,338.0,2.967,2016-10-29 00:36:46,13,1007.0,20161028171959
1008,365.2,74,4064.84,167,37.881426,-122.244947,262.0,2.986,2016-10-29 00:36:47,13,1008.0,20161028171959
1009,365.6,76,4067.75,167,37.881447,-122.244926,301.0,2.79,2016-10-29 00:36:48,13,1009.0,20161028171959
1010,365.8,81,4070.63,167,37.881469,-122.244909,344.0,2.603,2016-10-29 00:36:49,13,1010.0,20161028171959
1011,366.2,80,4073.33,168,37.881491,-122.244895,315.0,2.566,2016-10-29 00:36:50,13,1011.0,20161028171959
1012,366.8,84,4076.26,168,37.881514,-122.244881,291.0,3.144,2016-10-29 00:36:51,13,1012.0,20161028171959
1013,367.0,82,4079.48,168,37.881542,-122.244869,300.0,2.762,2016-10-29 00:36:52,13,1013.0,20161028171959
1014,367.8,83,4082.59,168,37.881569,-122.244858,296.0,2.762,2016-10-29 00:36:53,13,1014.0,20161028171959
1015,368.2,82,4085.57,168,37.881595,-122.24485,308.0,2.585,2016-10-29 00:36:54,13,1015.0,20161028171959
1016,368.6,82,4088.53,168,37.881621,-122.244844,315.0,2.771,2016-10-29 00:36:55,13,1016.0,20161028171959
1017,369.2,82,4091.91,168,37.881652,-122.244842,262.0,2.93,2016-10-29 00:36:56,13,1017.0,20161028171959
1018,369.4,82,4095.32,168,37.881682,-122.244839,262.0,3.079,2016-10-29 00:36:57,13,1018.0,20161028171959
1019,369.6,81,4098.8,168,37.881714,-122.244839,279.0,3.266,2016-10-29 00:36:58,13,1019.0,20161028171959
1020,370.0,83,4102.19,168,37.881744,-122.244841,257.0,3.294,2016-10-29 00:36:59,13,1020.0,20161028171959
1021,370.2,84,4105.81,168,37.881777,-122.244842,281.0,3.359,2016-10-29 00:37:00,13,1021.0,20161028171959
1022,370.8,83,4109.7,168,37.881812,-122.244846,253.0,3.536,2016-10-29 00:37:01,13,1022.0,20161028171959
1023,371.4,83,4113.56,168,37.881846,-122.244852,383.0,3.546,2016-10-29 00:37:02,13,1023.0,20161028171959
1024,371.8,86,4117.83,168,37.881885,-122.244857,383.0,3.807,2016-10-29 00:37:03,13,1024.0,20161028171959
1025,372.0,88,4122.28,168,37.881924,-122.244866,218.0,4.208,2016-10-29 00:37:04,13,1025.0,20161028171959
1026,372.2,81,4126.77,168,37.881963,-122.244881,324.0,4.143,2016-10-29 00:37:05,13,1026.0,20161028171959
1027,372.6,84,4131.37,168,37.882001,-122.244903,289.0,4.264,2016-10-29 00:37:06,13,1027.0,20161028171959
1028,372.8,84,4135.99,168,37.882037,-122.244928,237.0,4.227,2016-10-29 00:37:07,13,1028.0,20161028171959
1029,373.0,80,4140.46,168,37.882071,-122.244955,259.0,4.236,2016-10-29 00:37:08,13,1029.0,20161028171959
1030,373.2,80,4144.84,168,37.882104,-122.244983,267.0,4.152,2016-10-29 00:37:09,13,1030.0,20161028171959
1031,373.6,79,4149.03,168,37.882134,-122.245012,249.0,4.087,2016-10-29 00:37:10,13,1031.0,20161028171959
1032,373.8,76,4153.08,169,37.882162,-122.245041,239.0,3.919,2016-10-29 00:37:11,13,1032.0,20161028171959
1033,373.8,77,4157.0,168,37.882188,-122.245071,209.0,3.854,2016-10-29 00:37:12,13,1033.0,20161028171959
1034,374.2,75,4160.88,168,37.882213,-122.245102,186.0,3.816,2016-10-29 00:37:13,13,1034.0,20161028171959
1035,374.4,72,4164.75,168,37.882238,-122.245133,176.0,3.77,2016-10-29 00:37:14,13,1035.0,20161028171959
1036,374.8,71,4168.47,168,37.882263,-122.245161,208.0,3.658,2016-10-29 00:37:15,13,1036.0,20161028171959
1037,375.2,74,4172.14,168,37.882288,-122.245189,181.0,3.648,2016-10-29 00:37:16,13,1037.0,20161028171959
1038,375.4,75,4175.81,168,37.882311,-122.245218,149.0,3.602,2016-10-29 00:37:17,13,1038.0,20161028171959
1039,375.8,77,4179.49,167,37.882335,-122.245248,122.0,3.751,2016-10-29 00:37:18,13,1039.0,20161028171959
1040,376.2,80,4183.21,167,37.882359,-122.245277,96.0,3.667,2016-10-29 00:37:19,13,1040.0,20161028171959
1041,376.6,75,4187.11,167,37.882384,-122.245309,60.0,3.984,2016-10-29 00:37:20,13,1041.0,20161028171959
1042,376.8,76,4191.23,167,37.882408,-122.245345,100.0,4.078,2016-10-29 00:37:21,12,1042.0,20161028171959
1043,377.2,82,4195.44,166,37.882432,-122.245381,94.0,4.133,2016-10-29 00:37:22,12,1043.0,20161028171959
1044,377.4,74,4199.59,166,37.882457,-122.245417,91.0,4.339,2016-10-29 00:37:23,12,1044.0,20161028171959
1045,377.6,78,4204.02,166,37.882482,-122.245456,91.0,4.497,2016-10-29 00:37:24,12,1045.0,20161028171959
1046,377.6,78,4208.64,165,37.882508,-122.245497,44.0,4.591,2016-10-29 00:37:25,12,1046.0,20161028171959
1047,377.8,77,4213.38,164,37.882532,-122.245542,102.0,4.852,2016-10-29 00:37:26,12,1047.0,20161028171959
1048,377.8,78,4218.57,164,37.88256,-122.245589,84.0,5.207,2016-10-29 00:37:27,12,1048.0,20161028171959
1049,377.8,82,4223.94,163,37.88259,-122.245637,93.0,5.374,2016-10-29 00:37:28,12,1049.0,20161028171959
1050,377.8,89,4229.62,163,37.882623,-122.245686,108.0,5.645,2016-10-29 00:37:29,12,1050.0,20161028171959
1051,377.8,89,4235.54,162,37.882659,-122.245736,0.0,5.934,2016-10-29 00:37:30,12,1051.0,20161028171959
1052,377.8,0,4241.44,162,37.882696,-122.245784,0.0,5.85,2016-10-29 00:37:31,12,1052.0,20161028171959
1053,377.6,0,4247.21,161,37.882738,-122.245823,0.0,5.71,2016-10-29 00:37:32,12,1053.0,20161028171959
