alt,cad,dst,hrt,lat,lon,pwr,spd,time,tmp,sec,id
276.000000,67,6472.980000,121.000000,37.892519,-122.242313,321.000000,2.370000,2016-10-27 00:36:39,12,1370.000000,20161026171349
276.800000,67,6475.730000,123.000000,37.892499,-122.242295,324.000000,2.594000,2016-10-27 00:36:40,12,1371.000000,20161026171349
278.400000,66,6477.920000,124.000000,37.892483,-122.242279,304.000000,2.370000,2016-10-27 00:36:41,12,1372.000000,20161026171349
279.000000,66,6480.510000,126.000000,37.892462,-122.242266,364.000000,2.342000,2016-10-27 00:36:42,12,1373.000000,20161026171349
279.200000,67,6483.300000,127.000000,37.892441,-122.242247,326.000000,2.510000,2016-10-27 00:36:43,12,1374.000000,20161026171349
279.800000,66,6485.780000,128.000000,37.892422,-122.242231,329.000000,2.323000,2016-10-27 00:36:44,12,1375.000000,20161026171349
280.200000,66,6488.180000,129.000000,37.892404,-122.242218,318.000000,2.081000,2016-10-27 00:36:45,12,1376.000000,20161026171349
280.600000,67,6490.970000,130.000000,37.892382,-122.242203,318.000000,2.351000,2016-10-27 00:36:46,12,1377.000000,20161026171349
281.200000,68,6493.730000,130.000000,37.892358,-122.242193,274.000000,2.454000,2016-10-27 00:36:47,12,1378.000000,20161026171349
281.600000,70,6496.880000,131.000000,37.892332,-122.242180,299.000000,2.482000,2016-10-27 00:36:48,12,1379.000000,20161026171349
282.000000,69,6500.050000,131.000000,37.892305,-122.242165,322.000000,2.753000,2016-10-27 00:36:49,12,1380.000000,20161026171349
282.200000,73,6503.310000,132.000000,37.892278,-122.242150,376.000000,2.762000,2016-10-27 00:36:50,12,1381.000000,20161026171349
282.400000,74,6506.370000,132.000000,37.892253,-122.242136,331.000000,2.650000,2016-10-27 00:36:51,12,1382.000000,20161026171349
283.000000,76,6509.320000,133.000000,37.892230,-122.242119,318.000000,2.678000,2016-10-27 00:36:52,12,1383.000000,20161026171349
283.400000,77,6512.130000,133.000000,37.892209,-122.242102,307.000000,2.678000,2016-10-27 00:36:53,12,1384.000000,20161026171349
283.800000,77,6515.130000,134.000000,37.892186,-122.242083,296.000000,2.697000,2016-10-27 00:36:54,12,1385.000000,20161026171349
284.200000,77,6518.060000,134.000000,37.892165,-122.242063,284.000000,2.715000,2016-10-27 00:36:55,12,1386.000000,20161026171349
284.400000,79,6521.010000,135.000000,37.892143,-122.242045,284.000000,2.389000,2016-10-27 00:36:56,12,1387.000000,20161026171349
284.800000,80,6523.970000,136.000000,37.892120,-122.242027,264.000000,2.501000,2016-10-27 00:36:57,12,1388.000000,20161026171349
285.200000,81,6526.950000,137.000000,37.892097,-122.242009,289.000000,2.407000,2016-10-27 00:36:58,12,1389.000000,20161026171349
285.600000,86,6529.660000,137.000000,37.892078,-122.241991,191.000000,2.230000,2016-10-27 00:36:59,12,1390.000000,20161026171349
286.200000,73,6532.740000,138.000000,37.892054,-122.241972,156.000000,2.706000,2016-10-27 00:37:00,12,1391.000000,20161026171349
286.400000,74,6536.120000,139.000000,37.892027,-122.241953,317.000000,2.837000,2016-10-27 00:37:01,12,1392.000000,20161026171349
286.800000,80,6539.590000,139.000000,37.892000,-122.241933,261.000000,2.958000,2016-10-27 00:37:02,12,1393.000000,20161026171349
287.000000,81,6543.230000,140.000000,37.891972,-122.241912,226.000000,3.443000,2016-10-27 00:37:03,12,1394.000000,20161026171349
287.400000,82,6546.990000,141.000000,37.891945,-122.241887,236.000000,3.443000,2016-10-27 00:37:04,12,1395.000000,20161026171349
287.600000,83,6551.240000,142.000000,37.891915,-122.241856,212.000000,3.602000,2016-10-27 00:37:05,12,1396.000000,20161026171349
288.000000,78,6555.490000,142.000000,37.891889,-122.241820,217.000000,3.508000,2016-10-27 00:37:06,12,1397.000000,20161026171349
288.200000,79,6559.500000,143.000000,37.891865,-122.241785,203.000000,3.322000,2016-10-27 00:37:07,12,1398.000000,20161026171349
288.400000,80,6563.540000,143.000000,37.891840,-122.241751,206.000000,3.182000,2016-10-27 00:37:08,12,1399.000000,20161026171349
288.800000,81,6567.620000,143.000000,37.891817,-122.241714,188.000000,3.396000,2016-10-27 00:37:09,12,1400.000000,20161026171349
289.000000,81,6572.340000,143.000000,37.891788,-122.241675,222.000000,3.798000,2016-10-27 00:37:10,12,1401.000000,20161026171349
289.200000,78,6576.700000,144.000000,37.891758,-122.241643,222.000000,3.779000,2016-10-27 00:37:11,12,1402.000000,20161026171349
289.400000,80,6581.100000,144.000000,37.891728,-122.241609,215.000000,3.760000,2016-10-27 00:37:12,12,1403.000000,20161026171349
289.600000,83,6585.540000,144.000000,37.891698,-122.241576,251.000000,4.059000,2016-10-27 00:37:13,12,1404.000000,20161026171349
289.600000,89,6590.850000,144.000000,37.891664,-122.241534,240.000000,4.553000,2016-10-27 00:37:14,12,1405.000000,20161026171349
289.600000,79,6596.030000,144.000000,37.891631,-122.241493,234.000000,4.759000,2016-10-27 00:37:15,12,1406.000000,20161026171349
290.000000,79,6601.650000,144.000000,37.891596,-122.241446,232.000000,4.787000,2016-10-27 00:37:16,12,1407.000000,20161026171349
290.200000,80,6607.250000,144.000000,37.891560,-122.241402,234.000000,4.955000,2016-10-27 00:37:17,12,1408.000000,20161026171349
290.400000,80,6612.910000,144.000000,37.891524,-122.241355,215.000000,4.955000,2016-10-27 00:37:18,12,1409.000000,20161026171349
290.400000,79,6618.210000,145.000000,37.891492,-122.241311,205.000000,4.973000,2016-10-27 00:37:19,12,1410.000000,20161026171349
290.600000,77,6624.240000,145.000000,37.891462,-122.241252,210.000000,4.973000,2016-10-27 00:37:20,12,1411.000000,20161026171349
290.800000,78,6630.390000,145.000000,37.891436,-122.241185,201.000000,5.179000,2016-10-27 00:37:21,12,1412.000000,20161026171349
290.800000,77,6636.150000,145.000000,37.891401,-122.241137,236.000000,5.160000,2016-10-27 00:37:22,12,1413.000000,20161026171349
290.800000,77,6641.960000,145.000000,37.891367,-122.241087,227.000000,5.039000,2016-10-27 00:37:23,12,1414.000000,20161026171349
291.000000,76,6648.150000,145.000000,37.891330,-122.241034,232.000000,5.076000,2016-10-27 00:37:24,12,1415.000000,20161026171349
291.200000,81,6653.720000,146.000000,37.891293,-122.240991,258.000000,4.945000,2016-10-27 00:37:25,12,1416.000000,20161026171349
291.400000,80,6658.970000,146.000000,37.891258,-122.240951,257.000000,4.731000,2016-10-27 00:37:26,12,1417.000000,20161026171349
291.600000,79,6664.140000,146.000000,37.891227,-122.240908,245.000000,4.731000,2016-10-27 00:37:27,12,1418.000000,20161026171349
291.800000,76,6669.150000,146.000000,37.891201,-122.240859,247.000000,4.488000,2016-10-27 00:37:28,12,1419.000000,20161026171349
291.800000,75,6674.070000,146.000000,37.891176,-122.240812,252.000000,4.469000,2016-10-27 00:37:29,12,1420.000000,20161026171349
292.200000,75,6679.270000,146.000000,37.891149,-122.240763,259.000000,4.609000,2016-10-27 00:37:30,12,1421.000000,20161026171349
292.400000,75,6684.230000,145.000000,37.891122,-122.240718,254.000000,4.581000,2016-10-27 00:37:31,12,1422.000000,20161026171349
292.800000,74,6689.410000,146.000000,37.891090,-122.240675,241.000000,4.563000,2016-10-27 00:37:32,12,1423.000000,20161026171349
293.000000,74,6694.510000,146.000000,37.891058,-122.240633,234.000000,4.535000,2016-10-27 00:37:33,12,1424.000000,20161026171349
293.200000,74,6699.410000,146.000000,37.891026,-122.240594,236.000000,4.339000,2016-10-27 00:37:34,12,1425.000000,20161026171349
293.400000,73,6704.330000,146.000000,37.890994,-122.240556,236.000000,4.329000,2016-10-27 00:37:35,12,1426.000000,20161026171349
293.800000,76,6708.880000,146.000000,37.890965,-122.240519,248.000000,4.301000,2016-10-27 00:37:36,12,1427.000000,20161026171349
294.200000,76,6713.530000,147.000000,37.890938,-122.240478,280.000000,4.311000,2016-10-27 00:37:37,12,1428.000000,20161026171349
294.400000,76,6717.870000,147.000000,37.890911,-122.240443,258.000000,4.078000,2016-10-27 00:37:38,12,1429.000000,20161026171349
294.800000,73,6722.110000,147.000000,37.890885,-122.240408,258.000000,4.050000,2016-10-27 00:37:39,12,1430.000000,20161026171349
295.000000,72,6726.340000,148.000000,37.890859,-122.240373,266.000000,3.900000,2016-10-27 00:37:40,12,1431.000000,20161026171349
295.400000,72,6730.250000,148.000000,37.890837,-122.240338,297.000000,3.238000,2016-10-27 00:37:41,12,1432.000000,20161026171349
295.600000,74,6733.830000,149.000000,37.890818,-122.240305,261.000000,3.536000,2016-10-27 00:37:42,12,1433.000000,20161026171349
296.000000,77,6737.820000,149.000000,37.890799,-122.240266,295.000000,3.536000,2016-10-27 00:37:43,12,1434.000000,20161026171349
296.400000,75,6741.920000,150.000000,37.890780,-122.240226,339.000000,3.779000,2016-10-27 00:37:44,12,1435.000000,20161026171349
296.600000,77,6745.970000,150.000000,37.890763,-122.240185,305.000000,3.602000,2016-10-27 00:37:45,12,1436.000000,20161026171349
297.000000,77,6749.820000,151.000000,37.890747,-122.240146,285.000000,3.760000,2016-10-27 00:37:46,12,1437.000000,20161026171349
297.400000,75,6753.940000,151.000000,37.890730,-122.240105,319.000000,3.648000,2016-10-27 00:37:47,12,1438.000000,20161026171349
297.600000,76,6758.030000,151.000000,37.890709,-122.240066,250.000000,3.760000,2016-10-27 00:37:48,12,1439.000000,20161026171349
298.000000,78,6761.820000,152.000000,37.890693,-122.240028,227.000000,3.424000,2016-10-27 00:37:49,12,1440.000000,20161026171349
298.400000,76,6765.570000,152.000000,37.890679,-122.239989,266.000000,3.443000,2016-10-27 00:37:50,12,1441.000000,20161026171349
299.000000,75,6769.210000,152.000000,37.890665,-122.239952,258.000000,3.434000,2016-10-27 00:37:51,12,1442.000000,20161026171349
299.400000,75,6772.900000,152.000000,37.890652,-122.239913,276.000000,3.424000,2016-10-27 00:37:52,12,1443.000000,20161026171349
299.800000,75,6776.600000,152.000000,37.890643,-122.239873,271.000000,3.406000,2016-10-27 00:37:53,12,1444.000000,20161026171349
300.200000,75,6780.240000,152.000000,37.890636,-122.239832,258.000000,3.424000,2016-10-27 00:37:54,12,1445.000000,20161026171349
300.400000,72,6783.730000,152.000000,37.890628,-122.239794,285.000000,3.294000,2016-10-27 00:37:55,12,1446.000000,20161026171349
300.800000,74,6787.190000,152.000000,37.890621,-122.239755,263.000000,3.322000,2016-10-27 00:37:56,12,1447.000000,20161026171349
301.200000,73,6790.520000,152.000000,37.890615,-122.239718,286.000000,3.210000,2016-10-27 00:37:57,12,1448.000000,20161026171349
301.600000,75,6793.860000,152.000000,37.890610,-122.239681,293.000000,3.350000,2016-10-27 00:37:58,12,1449.000000,20161026171349
302.000000,75,6797.290000,152.000000,37.890605,-122.239642,275.000000,3.331000,2016-10-27 00:37:59,12,1450.000000,20161026171349
302.400000,75,6800.720000,152.000000,37.890601,-122.239604,271.000000,3.322000,2016-10-27 00:38:00,12,1451.000000,20161026171349
302.800000,75,6804.300000,152.000000,37.890598,-122.239563,269.000000,3.443000,2016-10-27 00:38:01,12,1452.000000,20161026171349
303.000000,75,6807.900000,152.000000,37.890597,-122.239522,269.000000,3.480000,2016-10-27 00:38:02,12,1453.000000,20161026171349
303.400000,75,6811.710000,152.000000,37.890595,-122.239479,267.000000,3.508000,2016-10-27 00:38:03,12,1454.000000,20161026171349
304.000000,75,6815.270000,153.000000,37.890594,-122.239438,249.000000,3.518000,2016-10-27 00:38:04,12,1455.000000,20161026171349
304.400000,74,6818.730000,153.000000,37.890595,-122.239399,251.000000,3.490000,2016-10-27 00:38:05,12,1456.000000,20161026171349
304.800000,74,6822.200000,153.000000,37.890597,-122.239360,271.000000,3.462000,2016-10-27 00:38:06,12,1457.000000,20161026171349
305.000000,75,6825.640000,153.000000,37.890601,-122.239321,261.000000,3.359000,2016-10-27 00:38:07,12,1458.000000,20161026171349
305.600000,75,6828.920000,153.000000,37.890603,-122.239284,255.000000,3.536000,2016-10-27 00:38:08,12,1459.000000,20161026171349
306.000000,74,6832.370000,153.000000,37.890604,-122.239245,254.000000,3.536000,2016-10-27 00:38:09,12,1460.000000,20161026171349
306.200000,74,6835.850000,152.000000,37.890607,-122.239205,257.000000,3.508000,2016-10-27 00:38:10,12,1461.000000,20161026171349
306.400000,74,6839.280000,152.000000,37.890610,-122.239166,257.000000,3.471000,2016-10-27 00:38:11,12,1462.000000,20161026171349
306.800000,76,6842.750000,152.000000,37.890611,-122.239127,262.000000,3.555000,2016-10-27 00:38:12,12,1463.000000,20161026171349
307.000000,76,6846.220000,152.000000,37.890615,-122.239088,268.000000,3.546000,2016-10-27 00:38:13,12,1464.000000,20161026171349
307.400000,75,6849.650000,152.000000,37.890618,-122.239049,277.000000,3.536000,2016-10-27 00:38:14,12,1465.000000,20161026171349
307.800000,74,6853.170000,152.000000,37.890621,-122.239009,306.000000,3.518000,2016-10-27 00:38:15,12,1466.000000,20161026171349
308.000000,74,6856.740000,152.000000,37.890623,-122.238968,292.000000,3.499000,2016-10-27 00:38:16,12,1467.000000,20161026171349
308.400000,74,6860.340000,152.000000,37.890625,-122.238928,272.000000,3.480000,2016-10-27 00:38:17,12,1468.000000,20161026171349
308.800000,74,6863.910000,152.000000,37.890627,-122.238887,264.000000,3.471000,2016-10-27 00:38:18,12,1469.000000,20161026171349
309.000000,74,6867.380000,152.000000,37.890630,-122.238848,264.000000,3.462000,2016-10-27 00:38:19,12,1470.000000,20161026171349
309.200000,72,6870.810000,152.000000,37.890630,-122.238809,252.000000,3.462000,2016-10-27 00:38:20,12,1471.000000,20161026171349
309.600000,72,6874.280000,152.000000,37.890628,-122.238769,256.000000,3.452000,2016-10-27 00:38:21,12,1472.000000,20161026171349
309.800000,75,6877.750000,152.000000,37.890628,-122.238730,274.000000,3.443000,2016-10-27 00:38:22,12,1473.000000,20161026171349
310.200000,75,6881.260000,152.000000,37.890628,-122.238690,314.000000,3.452000,2016-10-27 00:38:23,12,1474.000000,20161026171349
310.400000,75,6884.780000,152.000000,37.890629,-122.238650,314.000000,3.462000,2016-10-27 00:38:24,12,1475.000000,20161026171349
311.200000,75,6888.400000,152.000000,37.890626,-122.238609,298.000000,3.480000,2016-10-27 00:38:25,12,1476.000000,20161026171349
311.600000,74,6891.990000,152.000000,37.890623,-122.238568,309.000000,3.499000,2016-10-27 00:38:26,12,1477.000000,20161026171349
312.000000,75,6895.530000,153.000000,37.890621,-122.238528,294.000000,3.518000,2016-10-27 00:38:27,12,1478.000000,20161026171349
312.200000,75,6899.070000,153.000000,37.890620,-122.238488,288.000000,3.527000,2016-10-27 00:38:28,12,1479.000000,20161026171349
312.600000,77,6902.690000,153.000000,37.890615,-122.238447,268.000000,3.536000,2016-10-27 00:38:29,12,1480.000000,20161026171349
312.800000,75,6906.330000,154.000000,37.890609,-122.238406,283.000000,3.546000,2016-10-27 00:38:30,12,1481.000000,20161026171349
313.000000,77,6909.990000,154.000000,37.890603,-122.238365,288.000000,3.555000,2016-10-27 00:38:31,12,1482.000000,20161026171349
313.400000,77,6913.590000,154.000000,37.890598,-122.238325,285.000000,3.564000,2016-10-27 00:38:32,12,1483.000000,20161026171349
313.800000,78,6917.240000,155.000000,37.890592,-122.238284,289.000000,3.583000,2016-10-27 00:38:33,12,1484.000000,20161026171349
314.200000,77,6920.860000,156.000000,37.890585,-122.238243,277.000000,3.602000,2016-10-27 00:38:34,12,1485.000000,20161026171349
314.600000,79,6924.560000,156.000000,37.890577,-122.238203,267.000000,3.639000,2016-10-27 00:38:35,12,1486.000000,20161026171349
315.000000,78,6928.320000,157.000000,37.890569,-122.238161,264.000000,3.667000,2016-10-27 00:38:36,12,1487.000000,20161026171349
315.400000,78,6932.030000,157.000000,37.890560,-122.238120,258.000000,3.667000,2016-10-27 00:38:37,12,1488.000000,20161026171349
315.800000,78,6935.650000,158.000000,37.890553,-122.238080,283.000000,3.676000,2016-10-27 00:38:38,12,1489.000000,20161026171349
316.200000,75,6939.330000,158.000000,37.890544,-122.238040,291.000000,3.686000,2016-10-27 00:38:39,12,1490.000000,20161026171349
316.400000,77,6943.040000,158.000000,37.890534,-122.238000,356.000000,3.667000,2016-10-27 00:38:40,12,1491.000000,20161026171349
316.800000,80,6946.840000,159.000000,37.890524,-122.237958,298.000000,3.900000,2016-10-27 00:38:41,12,1492.000000,20161026171349
317.200000,80,6950.930000,159.000000,37.890514,-122.237913,253.000000,4.124000,2016-10-27 00:38:42,12,1493.000000,20161026171349
317.400000,80,6955.080000,159.000000,37.890504,-122.237868,247.000000,4.124000,2016-10-27 00:38:43,12,1494.000000,20161026171349
317.800000,78,6959.140000,159.000000,37.890495,-122.237823,234.000000,3.966000,2016-10-27 00:38:44,12,1495.000000,20161026171349
318.200000,77,6963.070000,159.000000,37.890486,-122.237780,262.000000,3.835000,2016-10-27 00:38:45,12,1496.000000,20161026171349
318.400000,77,6966.950000,159.000000,37.890476,-122.237738,252.000000,3.835000,2016-10-27 00:38:46,12,1497.000000,20161026171349
318.800000,76,6970.640000,159.000000,37.890468,-122.237697,256.000000,3.704000,2016-10-27 00:38:47,12,1498.000000,20161026171349
319.200000,76,6974.400000,158.000000,37.890459,-122.237656,232.000000,3.714000,2016-10-27 00:38:48,12,1499.000000,20161026171349
319.400000,77,6978.300000,158.000000,37.890450,-122.237613,233.000000,3.826000,2016-10-27 00:38:49,12,1500.000000,20161026171349
319.800000,78,6982.060000,158.000000,37.890442,-122.237571,232.000000,3.714000,2016-10-27 00:38:50,12,1501.000000,20161026171349
320.000000,81,6985.920000,157.000000,37.890434,-122.237528,276.000000,3.872000,2016-10-27 00:38:51,12,1502.000000,20161026171349
320.400000,79,6989.880000,157.000000,37.890425,-122.237485,243.000000,4.022000,2016-10-27 00:38:52,12,1503.000000,20161026171349
320.800000,79,6993.850000,157.000000,37.890412,-122.237443,250.000000,3.900000,2016-10-27 00:38:53,12,1504.000000,20161026171349
321.000000,81,6997.600000,157.000000,37.890398,-122.237404,239.000000,3.406000,2016-10-27 00:38:54,12,1505.000000,20161026171349
321.400000,79,7001.040000,157.000000,37.890387,-122.237367,231.000000,3.191000,2016-10-27 00:38:55,12,1506.000000,20161026171349
321.600000,79,7004.630000,156.000000,37.890377,-122.237328,244.000000,3.667000,2016-10-27 00:38:56,12,1507.000000,20161026171349
321.800000,79,7008.480000,156.000000,37.890367,-122.237287,247.000000,3.770000,2016-10-27 00:38:57,12,1508.000000,20161026171349
322.000000,78,7012.160000,156.000000,37.890357,-122.237247,247.000000,3.340000,2016-10-27 00:38:58,12,1509.000000,20161026171349
322.200000,80,7015.890000,156.000000,37.890348,-122.237206,266.000000,3.620000,2016-10-27 00:38:59,12,1510.000000,20161026171349
322.800000,80,7019.900000,156.000000,37.890338,-122.237162,249.000000,3.779000,2016-10-27 00:39:00,12,1511.000000,20161026171349
323.000000,80,7024.030000,155.000000,37.890336,-122.237115,249.000000,3.882000,2016-10-27 00:39:01,12,1512.000000,20161026171349
323.400000,80,7028.340000,155.000000,37.890336,-122.237066,230.000000,4.012000,2016-10-27 00:39:02,12,1513.000000,20161026171349
323.600000,80,7032.760000,155.000000,37.890336,-122.237016,231.000000,3.984000,2016-10-27 00:39:03,12,1514.000000,20161026171349
323.800000,79,7037.110000,154.000000,37.890339,-122.236966,231.000000,3.900000,2016-10-27 00:39:04,12,1515.000000,20161026171349
324.200000,80,7041.450000,154.000000,37.890342,-122.236917,235.000000,4.133000,2016-10-27 00:39:05,12,1516.000000,20161026171349
324.600000,82,7045.800000,154.000000,37.890343,-122.236868,245.000000,4.106000,2016-10-27 00:39:06,12,1517.000000,20161026171349
324.800000,81,7050.110000,153.000000,37.890344,-122.236819,247.000000,4.133000,2016-10-27 00:39:07,12,1518.000000,20161026171349
325.200000,83,7054.380000,153.000000,37.890343,-122.236770,234.000000,4.161000,2016-10-27 00:39:08,12,1519.000000,20161026171349
325.400000,86,7058.700000,153.000000,37.890344,-122.236721,206.000000,4.283000,2016-10-27 00:39:09,12,1520.000000,20161026171349
325.400000,79,7063.030000,152.000000,37.890343,-122.236671,165.000000,4.413000,2016-10-27 00:39:10,12,1521.000000,20161026171349
325.600000,79,7067.490000,152.000000,37.890336,-122.236621,209.000000,4.404000,2016-10-27 00:39:11,11,1522.000000,20161026171349
326.000000,77,7072.010000,151.000000,37.890325,-122.236572,245.000000,4.600000,2016-10-27 00:39:12,11,1523.000000,20161026171349
326.200000,78,7076.750000,151.000000,37.890312,-122.236521,231.000000,4.731000,2016-10-27 00:39:13,11,1524.000000,20161026171349
326.400000,81,7081.770000,151.000000,37.890294,-122.236468,218.000000,4.945000,2016-10-27 00:39:14,11,1525.000000,20161026171349
326.800000,83,7086.810000,151.000000,37.890274,-122.236416,217.000000,4.852000,2016-10-27 00:39:15,11,1526.000000,20161026171349
327.000000,84,7092.050000,150.000000,37.890253,-122.236363,201.000000,5.291000,2016-10-27 00:39:16,11,1527.000000,20161026171349
327.200000,85,7097.260000,150.000000,37.890229,-122.236312,176.000000,5.057000,2016-10-27 00:39:17,11,1528.000000,20161026171349
327.400000,84,7102.560000,150.000000,37.890200,-122.236265,185.000000,5.039000,2016-10-27 00:39:18,11,1529.000000,20161026171349
327.400000,87,7107.920000,150.000000,37.890171,-122.236215,200.000000,5.384000,2016-10-27 00:39:19,11,1530.000000,20161026171349
327.400000,87,7113.380000,150.000000,37.890140,-122.236167,173.000000,5.263000,2016-10-27 00:39:20,11,1531.000000,20161026171349
327.600000,80,7118.730000,150.000000,37.890113,-122.236117,173.000000,5.272000,2016-10-27 00:39:21,11,1532.000000,20161026171349
327.800000,81,7124.380000,149.000000,37.890084,-122.236065,206.000000,5.757000,2016-10-27 00:39:22,11,1533.000000,20161026171349
327.800000,82,7130.200000,149.000000,37.890053,-122.236011,205.000000,5.580000,2016-10-27 00:39:23,11,1534.000000,20161026171349
327.800000,84,7135.990000,149.000000,37.890024,-122.235957,172.000000,5.552000,2016-10-27 00:39:24,11,1535.000000,20161026171349
327.800000,87,7141.910000,149.000000,37.889994,-122.235900,179.000000,5.720000,2016-10-27 00:39:25,11,1536.000000,20161026171349
328.000000,88,7148.120000,148.000000,37.889962,-122.235843,151.000000,5.962000,2016-10-27 00:39:26,11,1537.000000,20161026171349
328.000000,88,7154.230000,147.000000,37.889933,-122.235784,139.000000,5.869000,2016-10-27 00:39:27,11,1538.000000,20161026171349
328.000000,88,7160.130000,147.000000,37.889907,-122.235725,142.000000,5.710000,2016-10-27 00:39:28,11,1539.000000,20161026171349
328.200000,87,7166.080000,146.000000,37.889880,-122.235667,142.000000,5.710000,2016-10-27 00:39:29,11,1540.000000,20161026171349
328.200000,87,7172.210000,145.000000,37.889849,-122.235608,225.000000,5.934000,2016-10-27 00:39:30,11,1541.000000,20161026171349
328.200000,89,7178.220000,144.000000,37.889819,-122.235552,157.000000,5.832000,2016-10-27 00:39:31,11,1542.000000,20161026171349
328.200000,89,7184.380000,144.000000,37.889788,-122.235494,153.000000,5.869000,2016-10-27 00:39:32,11,1543.000000,20161026171349
328.200000,89,7190.580000,143.000000,37.889756,-122.235436,152.000000,6.009000,2016-10-27 00:39:33,11,1544.000000,20161026171349
328.400000,89,7196.900000,142.000000,37.889724,-122.235377,123.000000,5.916000,2016-10-27 00:39:34,11,1545.000000,20161026171349
328.400000,86,7203.080000,142.000000,37.889695,-122.235316,123.000000,5.822000,2016-10-27 00:39:35,11,1546.000000,20161026171349
328.600000,79,7208.980000,141.000000,37.889666,-122.235260,172.000000,5.692000,2016-10-27 00:39:36,11,1547.000000,20161026171349
328.600000,79,7214.880000,141.000000,37.889636,-122.235205,163.000000,5.832000,2016-10-27 00:39:37,11,1548.000000,20161026171349
328.800000,78,7220.360000,140.000000,37.889606,-122.235155,174.000000,5.085000,2016-10-27 00:39:38,11,1549.000000,20161026171349
328.800000,78,7225.990000,140.000000,37.889575,-122.235104,170.000000,5.477000,2016-10-27 00:39:39,11,1550.000000,20161026171349
329.000000,74,7231.710000,139.000000,37.889541,-122.235056,192.000000,5.561000,2016-10-27 00:39:40,11,1551.000000,20161026171349
329.200000,72,7237.390000,139.000000,37.889503,-122.235012,190.000000,5.449000,2016-10-27 00:39:41,11,1552.000000,20161026171349
329.200000,69,7242.780000,138.000000,37.889466,-122.234973,215.000000,5.011000,2016-10-27 00:39:42,11,1553.000000,20161026171349
329.400000,68,7248.070000,138.000000,37.889429,-122.234935,227.000000,5.011000,2016-10-27 00:39:43,11,1554.000000,20161026171349
329.400000,78,7253.130000,138.000000,37.889393,-122.234898,201.000000,4.880000,2016-10-27 00:39:44,11,1555.000000,20161026171349
329.600000,86,7258.010000,138.000000,37.889359,-122.234864,231.000000,4.385000,2016-10-27 00:39:45,11,1556.000000,20161026171349
329.600000,84,7262.450000,138.000000,37.889329,-122.234830,240.000000,4.050000,2016-10-27 00:39:46,11,1557.000000,20161026171349
329.800000,83,7266.390000,138.000000,37.889304,-122.234798,294.000000,3.340000,2016-10-27 00:39:47,11,1558.000000,20161026171349
329.800000,81,7269.780000,138.000000,37.889281,-122.234771,285.000000,2.967000,2016-10-27 00:39:48,11,1559.000000,20161026171349
330.200000,77,7272.980000,138.000000,37.889260,-122.234747,294.000000,2.846000,2016-10-27 00:39:49,11,1560.000000,20161026171349
330.400000,76,7275.870000,138.000000,37.889239,-122.234727,302.000000,2.454000,2016-10-27 00:39:50,11,1561.000000,20161026171349
330.800000,76,7278.790000,139.000000,37.889217,-122.234708,291.000000,2.613000,2016-10-27 00:39:51,11,1562.000000,20161026171349
331.200000,75,7281.790000,139.000000,37.889195,-122.234688,301.000000,2.631000,2016-10-27 00:39:52,11,1563.000000,20161026171349
331.600000,74,7284.980000,140.000000,37.889175,-122.234662,286.000000,2.669000,2016-10-27 00:39:53,11,1564.000000,20161026171349
332.400000,72,7288.090000,141.000000,37.889153,-122.234639,270.000000,2.855000,2016-10-27 00:39:54,11,1565.000000,20161026171349
333.200000,71,7291.300000,141.000000,37.889133,-122.234613,283.000000,2.753000,2016-10-27 00:39:55,11,1566.000000,20161026171349
333.600000,70,7294.410000,142.000000,37.889110,-122.234591,277.000000,2.734000,2016-10-27 00:39:56,11,1567.000000,20161026171349
334.200000,71,7297.390000,142.000000,37.889088,-122.234572,312.000000,2.753000,2016-10-27 00:39:57,11,1568.000000,20161026171349
334.600000,73,7300.620000,143.000000,37.889064,-122.234550,347.000000,2.781000,2016-10-27 00:39:58,11,1569.000000,20161026171349
335.000000,72,7303.630000,143.000000,37.889042,-122.234530,291.000000,2.818000,2016-10-27 00:39:59,11,1570.000000,20161026171349
335.400000,72,7306.620000,144.000000,37.889022,-122.234507,293.000000,2.678000,2016-10-27 00:40:00,11,1571.000000,20161026171349
335.800000,72,7309.390000,144.000000,37.889007,-122.234482,289.000000,2.687000,2016-10-27 00:40:01,11,1572.000000,20161026171349
336.200000,73,7312.360000,144.000000,37.888989,-122.234456,282.000000,2.687000,2016-10-27 00:40:02,11,1573.000000,20161026171349
336.600000,73,7315.310000,145.000000,37.888968,-122.234435,291.000000,2.669000,2016-10-27 00:40:03,11,1574.000000,20161026171349
336.800000,72,7318.190000,145.000000,37.888949,-122.234413,278.000000,2.575000,2016-10-27 00:40:04,11,1575.000000,20161026171349
337.200000,72,7321.240000,146.000000,37.888930,-122.234387,316.000000,2.566000,2016-10-27 00:40:05,11,1576.000000,20161026171349
337.600000,73,7323.950000,146.000000,37.888912,-122.234365,316.000000,2.305000,2016-10-27 00:40:06,11,1577.000000,20161026171349
337.800000,73,7326.550000,147.000000,37.888895,-122.234346,299.000000,2.323000,2016-10-27 00:40:07,11,1578.000000,20161026171349
338.200000,70,7329.310000,147.000000,37.888875,-122.234326,318.000000,2.323000,2016-10-27 00:40:08,11,1579.000000,20161026171349
339.000000,69,7332.110000,148.000000,37.888854,-122.234307,338.000000,2.454000,2016-10-27 00:40:09,11,1580.000000,20161026171349
339.400000,71,7335.070000,148.000000,37.888833,-122.234287,343.000000,2.575000,2016-10-27 00:40:10,11,1581.000000,20161026171349
339.800000,70,7338.050000,149.000000,37.888812,-122.234265,301.000000,2.473000,2016-10-27 00:40:11,11,1582.000000,20161026171349
340.000000,72,7340.980000,149.000000,37.888793,-122.234243,297.000000,2.501000,2016-10-27 00:40:12,11,1583.000000,20161026171349
340.400000,67,7344.050000,149.000000,37.888771,-122.234221,315.000000,2.482000,2016-10-27 00:40:13,11,1584.000000,20161026171349
340.800000,69,7347.030000,149.000000,37.888749,-122.234201,314.000000,2.603000,2016-10-27 00:40:14,11,1585.000000,20161026171349
341.200000,69,7350.170000,149.000000,37.888728,-122.234177,298.000000,2.613000,2016-10-27 00:40:15,11,1586.000000,20161026171349
341.600000,69,7353.320000,150.000000,37.888707,-122.234152,300.000000,2.594000,2016-10-27 00:40:16,11,1587.000000,20161026171349
342.000000,69,7356.240000,150.000000,37.888688,-122.234130,300.000000,2.407000,2016-10-27 00:40:17,11,1588.000000,20161026171349
342.400000,68,7359.160000,150.000000,37.888668,-122.234109,345.000000,2.538000,2016-10-27 00:40:18,11,1589.000000,20161026171349
342.800000,69,7362.420000,150.000000,37.888646,-122.234083,341.000000,2.631000,2016-10-27 00:40:19,11,1590.000000,20161026171349
343.200000,70,7365.550000,150.000000,37.888624,-122.234060,325.000000,2.725000,2016-10-27 00:40:20,11,1591.000000,20161026171349
343.600000,70,7368.470000,150.000000,37.888602,-122.234042,342.000000,2.519000,2016-10-27 00:40:21,11,1592.000000,20161026171349
344.000000,70,7371.520000,151.000000,37.888581,-122.234020,325.000000,2.734000,2016-10-27 00:40:22,11,1593.000000,20161026171349
344.400000,69,7374.680000,151.000000,37.888559,-122.233997,338.000000,2.753000,2016-10-27 00:40:23,11,1594.000000,20161026171349
344.800000,68,7377.750000,151.000000,37.888539,-122.233973,370.000000,2.715000,2016-10-27 00:40:24,11,1595.000000,20161026171349
345.200000,71,7380.690000,152.000000,37.888519,-122.233950,359.000000,2.809000,2016-10-27 00:40:25,11,1596.000000,20161026171349
345.600000,71,7383.690000,152.000000,37.888498,-122.233928,348.000000,2.893000,2016-10-27 00:40:26,11,1597.000000,20161026171349
346.000000,71,7386.860000,152.000000,37.888477,-122.233904,336.000000,2.893000,2016-10-27 00:40:27,11,1598.000000,20161026171349
346.400000,71,7390.120000,153.000000,37.888456,-122.233878,328.000000,2.865000,2016-10-27 00:40:28,11,1599.000000,20161026171349
346.800000,70,7393.360000,153.000000,37.888433,-122.233855,328.000000,2.855000,2016-10-27 00:40:29,11,1600.000000,20161026171349
347.200000,70,7396.430000,154.000000,37.888412,-122.233832,321.000000,2.837000,2016-10-27 00:40:30,11,1601.000000,20161026171349
347.600000,69,7399.460000,154.000000,37.888391,-122.233809,321.000000,2.827000,2016-10-27 00:40:31,11,1602.000000,20161026171349
348.000000,68,7402.510000,155.000000,37.888371,-122.233786,330.000000,2.809000,2016-10-27 00:40:32,11,1603.000000,20161026171349
348.400000,68,7405.440000,155.000000,37.888349,-122.233767,352.000000,2.781000,2016-10-27 00:40:33,11,1604.000000,20161026171349
348.600000,68,7408.370000,156.000000,37.888328,-122.233747,334.000000,2.762000,2016-10-27 00:40:34,11,1605.000000,20161026171349
349.000000,68,7411.280000,156.000000,37.888306,-122.233729,317.000000,2.753000,2016-10-27 00:40:35,11,1606.000000,20161026171349
349.400000,67,7414.150000,156.000000,37.888287,-122.233707,317.000000,2.734000,2016-10-27 00:40:36,11,1607.000000,20161026171349
349.800000,66,7416.980000,157.000000,37.888266,-122.233687,326.000000,2.725000,2016-10-27 00:40:37,11,1608.000000,20161026171349
350.200000,66,7419.620000,157.000000,37.888248,-122.233669,329.000000,2.538000,2016-10-27 00:40:38,11,1609.000000,20161026171349
350.600000,66,7422.150000,157.000000,37.888230,-122.233650,329.000000,2.501000,2016-10-27 00:40:39,11,1610.000000,20161026171349
351.000000,69,7424.720000,157.000000,37.888212,-122.233631,319.000000,2.491000,2016-10-27 00:40:40,11,1611.000000,20161026171349
351.400000,70,7427.190000,157.000000,37.888195,-122.233614,308.000000,2.501000,2016-10-27 00:40:41,11,1612.000000,20161026171349
351.600000,70,7429.990000,157.000000,37.888175,-122.233594,337.000000,2.678000,2016-10-27 00:40:42,11,1613.000000,20161026171349
352.000000,69,7432.790000,158.000000,37.888155,-122.233575,310.000000,2.697000,2016-10-27 00:40:43,11,1614.000000,20161026171349
352.800000,69,7435.740000,158.000000,37.888133,-122.233556,308.000000,2.725000,2016-10-27 00:40:44,11,1615.000000,20161026171349
353.200000,68,7438.830000,158.000000,37.888113,-122.233532,308.000000,2.706000,2016-10-27 00:40:45,11,1616.000000,20161026171349
353.600000,67,7441.640000,159.000000,37.888094,-122.233510,305.000000,2.678000,2016-10-27 00:40:46,11,1617.000000,20161026171349
353.800000,68,7444.610000,159.000000,37.888074,-122.233487,309.000000,2.594000,2016-10-27 00:40:47,11,1618.000000,20161026171349
354.200000,67,7447.260000,160.000000,37.888056,-122.233468,326.000000,2.407000,2016-10-27 00:40:48,11,1619.000000,20161026171349
354.600000,70,7449.970000,160.000000,37.888036,-122.233450,341.000000,2.370000,2016-10-27 00:40:49,11,1620.000000,20161026171349
355.000000,70,7452.930000,160.000000,37.888014,-122.233431,309.000000,2.669000,2016-10-27 00:40:50,11,1621.000000,20161026171349
355.400000,69,7455.850000,161.000000,37.887992,-122.233413,309.000000,2.426000,2016-10-27 00:40:51,11,1622.000000,20161026171349
355.800000,67,7458.780000,161.000000,37.887971,-122.233392,336.000000,2.529000,2016-10-27 00:40:52,11,1623.000000,20161026171349
356.200000,67,7461.760000,161.000000,37.887951,-122.233370,339.000000,2.510000,2016-10-27 00:40:53,11,1624.000000,20161026171349
356.600000,68,7464.590000,161.000000,37.887932,-122.233349,339.000000,2.510000,2016-10-27 00:40:54,11,1625.000000,20161026171349
357.000000,70,7467.560000,162.000000,37.887912,-122.233326,335.000000,2.641000,2016-10-27 00:40:55,11,1626.000000,20161026171349
357.400000,70,7470.670000,162.000000,37.887892,-122.233299,310.000000,2.846000,2016-10-27 00:40:56,11,1627.000000,20161026171349
357.800000,69,7473.890000,162.000000,37.887869,-122.233276,317.000000,2.855000,2016-10-27 00:40:57,11,1628.000000,20161026171349
358.000000,69,7477.010000,162.000000,37.887845,-122.233259,319.000000,2.818000,2016-10-27 00:40:58,11,1629.000000,20161026171349
358.400000,70,7480.060000,163.000000,37.887823,-122.233238,347.000000,2.790000,2016-10-27 00:40:59,11,1630.000000,20161026171349
358.800000,70,7482.980000,163.000000,37.887802,-122.233218,328.000000,2.837000,2016-10-27 00:41:00,11,1631.000000,20161026171349
359.200000,71,7486.040000,163.000000,37.887780,-122.233196,325.000000,2.827000,2016-10-27 00:41:01,11,1632.000000,20161026171349
359.400000,71,7489.060000,163.000000,37.887759,-122.233174,309.000000,2.837000,2016-10-27 00:41:02,11,1633.000000,20161026171349
359.800000,71,7492.060000,163.000000,37.887738,-122.233151,315.000000,2.855000,2016-10-27 00:41:03,11,1634.000000,20161026171349
360.200000,71,7495.120000,163.000000,37.887719,-122.233125,323.000000,2.883000,2016-10-27 00:41:04,11,1635.000000,20161026171349
360.600000,73,7498.180000,163.000000,37.887699,-122.233100,323.000000,3.014000,2016-10-27 00:41:05,11,1636.000000,20161026171349
361.000000,73,7501.340000,164.000000,37.887679,-122.233075,330.000000,3.023000,2016-10-27 00:41:06,11,1637.000000,20161026171349
361.400000,73,7504.500000,164.000000,37.887658,-122.233050,279.000000,3.023000,2016-10-27 00:41:07,11,1638.000000,20161026171349
361.800000,73,7507.710000,164.000000,37.887635,-122.233027,279.000000,3.032000,2016-10-27 00:41:08,11,1639.000000,20161026171349
362.200000,74,7510.950000,164.000000,37.887613,-122.233004,283.000000,3.014000,2016-10-27 00:41:09,11,1640.000000,20161026171349
362.600000,74,7514.040000,164.000000,37.887592,-122.232981,265.000000,3.051000,2016-10-27 00:41:10,11,1641.000000,20161026171349
363.000000,74,7517.060000,164.000000,37.887571,-122.232958,300.000000,2.958000,2016-10-27 00:41:11,11,1642.000000,20161026171349
363.400000,75,7520.060000,164.000000,37.887550,-122.232936,298.000000,3.070000,2016-10-27 00:41:12,11,1643.000000,20161026171349
364.000000,75,7523.090000,164.000000,37.887531,-122.232911,295.000000,3.032000,2016-10-27 00:41:13,11,1644.000000,20161026171349
364.400000,75,7525.960000,164.000000,37.887512,-122.232889,295.000000,2.827000,2016-10-27 00:41:14,11,1645.000000,20161026171349
364.600000,75,7528.900000,164.000000,37.887491,-122.232868,296.000000,2.958000,2016-10-27 00:41:15,11,1646.000000,20161026171349
365.000000,76,7531.820000,164.000000,37.887470,-122.232848,294.000000,2.753000,2016-10-27 00:41:16,11,1647.000000,20161026171349
365.400000,78,7534.840000,164.000000,37.887449,-122.232827,279.000000,2.958000,2016-10-27 00:41:17,11,1648.000000,20161026171349
366.000000,79,7537.860000,164.000000,37.887428,-122.232805,283.000000,2.976000,2016-10-27 00:41:18,11,1649.000000,20161026171349
366.400000,80,7541.220000,164.000000,37.887405,-122.232780,253.000000,3.228000,2016-10-27 00:41:19,11,1650.000000,20161026171349
366.600000,79,7544.450000,164.000000,37.887382,-122.232758,255.000000,2.883000,2016-10-27 00:41:20,11,1651.000000,20161026171349
366.800000,82,7547.510000,164.000000,37.887363,-122.232732,248.000000,2.883000,2016-10-27 00:41:21,11,1652.000000,20161026171349
367.200000,74,7550.440000,163.000000,37.887346,-122.232706,201.000000,2.725000,2016-10-27 00:41:22,11,1653.000000,20161026171349
367.600000,74,7553.480000,163.000000,37.887328,-122.232680,278.000000,2.725000,2016-10-27 00:41:23,11,1654.000000,20161026171349
368.000000,76,7556.530000,163.000000,37.887311,-122.232653,280.000000,2.874000,2016-10-27 00:41:24,11,1655.000000,20161026171349
368.200000,78,7559.820000,163.000000,37.887292,-122.232625,270.000000,2.967000,2016-10-27 00:41:25,11,1656.000000,20161026171349
368.400000,79,7562.890000,163.000000,37.887275,-122.232597,246.000000,2.865000,2016-10-27 00:41:26,11,1657.000000,20161026171349
368.800000,79,7565.790000,163.000000,37.887260,-122.232570,254.000000,2.706000,2016-10-27 00:41:27,11,1658.000000,20161026171349
369.200000,79,7568.930000,163.000000,37.887242,-122.232542,249.000000,2.715000,2016-10-27 00:41:28,11,1659.000000,20161026171349
369.400000,80,7571.850000,162.000000,37.887227,-122.232515,257.000000,2.715000,2016-10-27 00:41:29,11,1660.000000,20161026171349
370.000000,82,7574.770000,162.000000,37.887211,-122.232488,269.000000,2.734000,2016-10-27 00:41:30,11,1661.000000,20161026171349
370.200000,82,7578.090000,162.000000,37.887190,-122.232461,235.000000,2.958000,2016-10-27 00:41:31,11,1662.000000,20161026171349
370.400000,82,7581.380000,162.000000,37.887169,-122.232435,242.000000,2.976000,2016-10-27 00:41:32,11,1663.000000,20161026171349
370.600000,80,7584.280000,162.000000,37.887153,-122.232407,224.000000,2.398000,2016-10-27 00:41:33,11,1664.000000,20161026171349
370.800000,81,7587.490000,162.000000,37.887139,-122.232375,221.000000,2.669000,2016-10-27 00:41:34,11,1665.000000,20161026171349
371.000000,80,7590.820000,162.000000,37.887123,-122.232343,247.000000,2.501000,2016-10-27 00:41:35,11,1666.000000,20161026171349
371.400000,81,7593.920000,162.000000,37.887108,-122.232314,226.000000,2.333000,2016-10-27 00:41:36,11,1667.000000,20161026171349
371.600000,82,7597.250000,162.000000,37.887090,-122.232283,239.000000,2.603000,2016-10-27 00:41:37,11,1668.000000,20161026171349
371.800000,82,7601.420000,161.000000,37.887066,-122.232247,260.000000,3.480000,2016-10-27 00:41:38,11,1669.000000,20161026171349
372.000000,83,7605.990000,161.000000,37.887035,-122.232212,239.000000,3.499000,2016-10-27 00:41:39,11,1670.000000,20161026171349
372.400000,81,7610.230000,161.000000,37.887005,-122.232182,240.000000,3.266000,2016-10-27 00:41:40,11,1671.000000,20161026171349
372.600000,80,7614.560000,161.000000,37.886974,-122.232152,254.000000,3.228000,2016-10-27 00:41:41,11,1672.000000,20161026171349
373.000000,78,7618.640000,160.000000,37.886947,-122.232121,286.000000,3.247000,2016-10-27 00:41:42,11,1673.000000,20161026171349
373.400000,79,7622.800000,160.000000,37.886917,-122.232093,313.000000,3.350000,2016-10-27 00:41:43,11,1674.000000,20161026171349
373.600000,78,7626.910000,160.000000,37.886888,-122.232064,321.000000,3.518000,2016-10-27 00:41:44,11,1675.000000,20161026171349
373.800000,77,7631.080000,160.000000,37.886857,-122.232036,306.000000,3.490000,2016-10-27 00:41:45,11,1676.000000,20161026171349
374.000000,76,7635.080000,160.000000,37.886830,-122.232007,271.000000,3.499000,2016-10-27 00:41:46,11,1677.000000,20161026171349
374.200000,75,7639.170000,160.000000,37.886802,-122.231976,253.000000,3.527000,2016-10-27 00:41:47,11,1678.000000,20161026171349
374.400000,78,7643.120000,160.000000,37.886774,-122.231948,256.000000,3.415000,2016-10-27 00:41:48,11,1679.000000,20161026171349
374.800000,79,7647.610000,160.000000,37.886746,-122.231910,235.000000,3.508000,2016-10-27 00:41:49,11,1680.000000,20161026171349
375.000000,74,7651.660000,161.000000,37.886719,-122.231878,273.000000,3.508000,2016-10-27 00:41:50,11,1681.000000,20161026171349
375.400000,77,7655.490000,160.000000,37.886692,-122.231852,281.000000,3.480000,2016-10-27 00:41:51,11,1682.000000,20161026171349
375.800000,76,7659.270000,160.000000,37.886668,-122.231822,292.000000,3.350000,2016-10-27 00:41:52,11,1683.000000,20161026171349
376.600000,79,7663.120000,160.000000,37.886644,-122.231789,328.000000,3.368000,2016-10-27 00:41:53,11,1684.000000,20161026171349
377.000000,84,7666.740000,160.000000,37.886621,-122.231759,263.000000,3.144000,2016-10-27 00:41:54,11,1685.000000,20161026171349
377.400000,82,7670.310000,161.000000,37.886596,-122.231733,281.000000,3.144000,2016-10-27 00:41:55,11,1686.000000,20161026171349
377.800000,82,7673.860000,160.000000,37.886572,-122.231708,273.000000,3.135000,2016-10-27 00:41:56,11,1687.000000,20161026171349
378.200000,80,7677.600000,160.000000,37.886545,-122.231681,289.000000,3.294000,2016-10-27 00:41:57,11,1688.000000,20161026171349
378.600000,81,7681.180000,161.000000,37.886521,-122.231655,279.000000,3.172000,2016-10-27 00:41:58,11,1689.000000,20161026171349
379.000000,80,7684.710000,161.000000,37.886498,-122.231627,304.000000,3.154000,2016-10-27 00:41:59,11,1690.000000,20161026171349
379.400000,82,7688.290000,161.000000,37.886476,-122.231596,291.000000,2.967000,2016-10-27 00:42:00,11,1691.000000,20161026171349
379.800000,80,7691.840000,161.000000,37.886453,-122.231568,300.000000,3.275000,2016-10-27 00:42:01,11,1692.000000,20161026171349
380.000000,78,7695.040000,161.000000,37.886433,-122.231542,284.000000,2.939000,2016-10-27 00:42:02,11,1693.000000,20161026171349
380.400000,79,7698.320000,161.000000,37.886413,-122.231515,285.000000,3.154000,2016-10-27 00:42:03,11,1694.000000,20161026171349
380.800000,78,7701.740000,161.000000,37.886390,-122.231488,278.000000,2.995000,2016-10-27 00:42:04,11,1695.000000,20161026171349
381.000000,77,7704.950000,161.000000,37.886370,-122.231463,273.000000,2.874000,2016-10-27 00:42:05,11,1696.000000,20161026171349
381.400000,77,7708.160000,160.000000,37.886351,-122.231435,285.000000,2.846000,2016-10-27 00:42:06,11,1697.000000,20161026171349
381.800000,78,7711.420000,160.000000,37.886333,-122.231406,294.000000,3.042000,2016-10-27 00:42:07,11,1698.000000,20161026171349
382.200000,79,7714.770000,160.000000,37.886312,-122.231379,283.000000,3.032000,2016-10-27 00:42:08,11,1699.000000,20161026171349
382.600000,79,7717.910000,160.000000,37.886293,-122.231351,262.000000,2.883000,2016-10-27 00:42:09,11,1700.000000,20161026171349
383.000000,80,7721.340000,161.000000,37.886274,-122.231321,262.000000,3.284000,2016-10-27 00:42:10,11,1701.000000,20161026171349
383.400000,80,7724.970000,161.000000,37.886255,-122.231288,270.000000,3.303000,2016-10-27 00:42:11,11,1702.000000,20161026171349
383.800000,80,7728.520000,161.000000,37.886237,-122.231254,267.000000,3.322000,2016-10-27 00:42:12,11,1703.000000,20161026171349
384.200000,80,7732.020000,160.000000,37.886220,-122.231221,267.000000,3.294000,2016-10-27 00:42:13,11,1704.000000,20161026171349
384.600000,80,7735.390000,161.000000,37.886202,-122.231189,258.000000,3.294000,2016-10-27 00:42:14,11,1705.000000,20161026171349
384.800000,80,7738.670000,161.000000,37.886185,-122.231159,247.000000,3.107000,2016-10-27 00:42:15,11,1706.000000,20161026171349
385.000000,80,7742.030000,160.000000,37.886169,-122.231126,247.000000,3.144000,2016-10-27 00:42:16,11,1707.000000,20161026171349
385.400000,79,7745.360000,160.000000,37.886153,-122.231095,267.000000,3.107000,2016-10-27 00:42:17,11,1708.000000,20161026171349
385.600000,78,7748.500000,160.000000,37.886136,-122.231066,267.000000,3.070000,2016-10-27 00:42:18,11,1709.000000,20161026171349
386.000000,78,7751.620000,160.000000,37.886121,-122.231036,266.000000,2.948000,2016-10-27 00:42:19,11,1710.000000,20161026171349
386.400000,74,7754.490000,160.000000,37.886106,-122.231009,281.000000,2.818000,2016-10-27 00:42:20,11,1711.000000,20161026171349
386.800000,75,7757.440000,160.000000,37.886089,-122.230984,331.000000,2.809000,2016-10-27 00:42:21,11,1712.000000,20161026171349
387.000000,73,7760.150000,160.000000,37.886074,-122.230959,318.000000,2.529000,2016-10-27 00:42:22,11,1713.000000,20161026171349
387.200000,73,7762.820000,160.000000,37.886061,-122.230933,317.000000,2.510000,2016-10-27 00:42:23,11,1714.000000,20161026171349
387.600000,70,7765.680000,160.000000,37.886046,-122.230907,317.000000,2.734000,2016-10-27 00:42:24,11,1715.000000,20161026171349
388.000000,71,7768.800000,160.000000,37.886032,-122.230876,325.000000,2.976000,2016-10-27 00:42:25,11,1716.000000,20161026171349
388.200000,72,7771.630000,160.000000,37.886019,-122.230848,340.000000,2.585000,2016-10-27 00:42:26,11,1717.000000,20161026171349
388.600000,69,7774.330000,160.000000,37.886012,-122.230819,318.000000,2.426000,2016-10-27 00:42:27,11,1718.000000,20161026171349
389.200000,69,7777.050000,160.000000,37.886004,-122.230790,330.000000,2.417000,2016-10-27 00:42:28,11,1719.000000,20161026171349
389.600000,69,7779.820000,161.000000,37.885991,-122.230762,334.000000,2.557000,2016-10-27 00:42:29,11,1720.000000,20161026171349
390.000000,67,7782.450000,160.000000,37.885977,-122.230738,334.000000,2.295000,2016-10-27 00:42:30,11,1721.000000,20161026171349
390.400000,68,7785.280000,161.000000,37.885963,-122.230711,334.000000,2.379000,2016-10-27 00:42:31,11,1722.000000,20161026171349
390.800000,68,7788.220000,161.000000,37.885955,-122.230679,320.000000,2.529000,2016-10-27 00:42:32,11,1723.000000,20161026171349
391.200000,67,7791.210000,161.000000,37.885948,-122.230646,330.000000,2.547000,2016-10-27 00:42:33,11,1724.000000,20161026171349
391.400000,67,7794.210000,161.000000,37.885942,-122.230613,319.000000,2.454000,2016-10-27 00:42:34,11,1725.000000,20161026171349
391.800000,64,7797.280000,162.000000,37.885938,-122.230579,330.000000,2.547000,2016-10-27 00:42:35,11,1726.000000,20161026171349
392.200000,66,7800.230000,162.000000,37.885934,-122.230545,345.000000,2.417000,2016-10-27 00:42:36,11,1727.000000,20161026171349
392.800000,69,7803.420000,162.000000,37.885931,-122.230509,305.000000,2.622000,2016-10-27 00:42:37,11,1728.000000,20161026171349
393.200000,68,7806.490000,162.000000,37.885928,-122.230474,308.000000,2.622000,2016-10-27 00:42:38,11,1729.000000,20161026171349
393.800000,67,7809.590000,162.000000,37.885926,-122.230439,314.000000,2.650000,2016-10-27 00:42:39,11,1730.000000,20161026171349
394.200000,67,7812.540000,163.000000,37.885923,-122.230405,333.000000,2.566000,2016-10-27 00:42:40,11,1731.000000,20161026171349
394.600000,68,7815.540000,163.000000,37.885923,-122.230371,331.000000,2.603000,2016-10-27 00:42:41,11,1732.000000,20161026171349
394.800000,68,7818.520000,163.000000,37.885923,-122.230337,307.000000,2.603000,2016-10-27 00:42:42,11,1733.000000,20161026171349
395.400000,70,7821.370000,163.000000,37.885921,-122.230304,323.000000,2.631000,2016-10-27 00:42:43,11,1734.000000,20161026171349
395.800000,69,7824.420000,163.000000,37.885920,-122.230270,295.000000,2.818000,2016-10-27 00:42:44,11,1735.000000,20161026171349
396.200000,68,7827.500000,162.000000,37.885918,-122.230235,299.000000,2.725000,2016-10-27 00:42:45,11,1736.000000,20161026171349
396.400000,68,7830.400000,162.000000,37.885917,-122.230202,346.000000,2.753000,2016-10-27 00:42:46,11,1737.000000,20161026171349
396.800000,69,7833.310000,162.000000,37.885914,-122.230169,324.000000,2.874000,2016-10-27 00:42:47,11,1738.000000,20161026171349
397.200000,68,7836.330000,162.000000,37.885913,-122.230134,311.000000,2.865000,2016-10-27 00:42:48,11,1739.000000,20161026171349
397.600000,67,7839.330000,162.000000,37.885914,-122.230100,318.000000,2.762000,2016-10-27 00:42:49,11,1740.000000,20161026171349
398.000000,67,7842.120000,162.000000,37.885914,-122.230068,312.000000,2.762000,2016-10-27 00:42:50,11,1741.000000,20161026171349
398.400000,69,7845.070000,163.000000,37.885916,-122.230034,303.000000,2.771000,2016-10-27 00:42:51,11,1742.000000,20161026171349
398.800000,69,7847.860000,162.000000,37.885916,-122.230003,289.000000,2.790000,2016-10-27 00:42:52,11,1743.000000,20161026171349
399.200000,69,7850.630000,163.000000,37.885914,-122.229971,290.000000,2.799000,2016-10-27 00:42:53,11,1744.000000,20161026171349
399.600000,69,7853.560000,163.000000,37.885914,-122.229938,319.000000,2.799000,2016-10-27 00:42:54,11,1745.000000,20161026171349
399.800000,68,7856.450000,162.000000,37.885911,-122.229905,316.000000,2.818000,2016-10-27 00:42:55,11,1746.000000,20161026171349
400.200000,69,7859.410000,162.000000,37.885907,-122.229872,328.000000,2.809000,2016-10-27 00:42:56,11,1747.000000,20161026171349
400.600000,69,7862.240000,162.000000,37.885905,-122.229840,301.000000,2.809000,2016-10-27 00:42:57,11,1748.000000,20161026171349
401.000000,68,7864.970000,163.000000,37.885902,-122.229809,326.000000,2.799000,2016-10-27 00:42:58,11,1749.000000,20161026171349
401.400000,69,7867.950000,163.000000,37.885897,-122.229776,313.000000,2.902000,2016-10-27 00:42:59,11,1750.000000,20161026171349
402.000000,69,7870.990000,163.000000,37.885891,-122.229742,310.000000,2.865000,2016-10-27 00:43:00,11,1751.000000,20161026171349
402.200000,69,7873.950000,163.000000,37.885885,-122.229709,310.000000,2.855000,2016-10-27 00:43:01,11,1752.000000,20161026171349
402.600000,68,7876.980000,163.000000,37.885878,-122.229676,324.000000,2.865000,2016-10-27 00:43:02,11,1753.000000,20161026171349
403.400000,67,7879.940000,163.000000,37.885873,-122.229643,310.000000,2.837000,2016-10-27 00:43:03,11,1754.000000,20161026171349
403.800000,68,7882.780000,163.000000,37.885866,-122.229612,327.000000,2.594000,2016-10-27 00:43:04,11,1755.000000,20161026171349
404.000000,67,7885.580000,163.000000,37.885858,-122.229581,325.000000,2.687000,2016-10-27 00:43:05,11,1756.000000,20161026171349
404.400000,67,7888.340000,163.000000,37.885852,-122.229551,328.000000,2.650000,2016-10-27 00:43:06,11,1757.000000,20161026171349
404.800000,66,7891.330000,163.000000,37.885846,-122.229517,328.000000,2.902000,2016-10-27 00:43:07,11,1758.000000,20161026171349
405.000000,67,7894.170000,163.000000,37.885837,-122.229487,314.000000,2.753000,2016-10-27 00:43:08,11,1759.000000,20161026171349
405.400000,67,7897.060000,163.000000,37.885827,-122.229456,303.000000,2.762000,2016-10-27 00:43:09,11,1760.000000,20161026171349
405.800000,68,7899.930000,163.000000,37.885816,-122.229427,312.000000,2.781000,2016-10-27 00:43:10,11,1761.000000,20161026171349
406.000000,68,7902.810000,163.000000,37.885803,-122.229398,300.000000,2.818000,2016-10-27 00:43:11,11,1762.000000,20161026171349
406.400000,69,7905.740000,163.000000,37.885791,-122.229369,331.000000,2.827000,2016-10-27 00:43:12,11,1763.000000,20161026171349
406.800000,69,7908.710000,163.000000,37.885779,-122.229339,321.000000,2.930000,2016-10-27 00:43:13,11,1764.000000,20161026171349
407.200000,69,7911.640000,164.000000,37.885766,-122.229310,305.000000,2.902000,2016-10-27 00:43:14,11,1765.000000,20161026171349
407.600000,70,7914.560000,164.000000,37.885753,-122.229281,305.000000,2.874000,2016-10-27 00:43:15,11,1766.000000,20161026171349
408.000000,69,7917.480000,164.000000,37.885740,-122.229252,289.000000,2.893000,2016-10-27 00:43:16,11,1767.000000,20161026171349
408.600000,70,7920.460000,164.000000,37.885727,-122.229222,276.000000,2.911000,2016-10-27 00:43:17,11,1768.000000,20161026171349
409.000000,69,7923.420000,164.000000,37.885714,-122.229193,277.000000,2.883000,2016-10-27 00:43:18,11,1769.000000,20161026171349
409.400000,70,7926.360000,164.000000,37.885701,-122.229164,283.000000,2.883000,2016-10-27 00:43:19,11,1770.000000,20161026171349
409.800000,70,7929.340000,164.000000,37.885688,-122.229134,300.000000,2.995000,2016-10-27 00:43:20,11,1771.000000,20161026171349
410.000000,70,7932.440000,164.000000,37.885674,-122.229103,300.000000,3.004000,2016-10-27 00:43:21,11,1772.000000,20161026171349
410.400000,71,7935.500000,164.000000,37.885660,-122.229074,279.000000,3.004000,2016-10-27 00:43:22,11,1773.000000,20161026171349
410.600000,70,7938.550000,164.000000,37.885645,-122.229044,290.000000,2.967000,2016-10-27 00:43:23,11,1774.000000,20161026171349
411.000000,71,7941.530000,164.000000,37.885630,-122.229016,274.000000,2.948000,2016-10-27 00:43:24,11,1775.000000,20161026171349
411.400000,69,7944.460000,164.000000,37.885616,-122.228988,269.000000,2.921000,2016-10-27 00:43:25,11,1776.000000,20161026171349
411.800000,68,7947.430000,163.000000,37.885602,-122.228959,276.000000,2.911000,2016-10-27 00:43:26,11,1777.000000,20161026171349
412.200000,70,7950.330000,163.000000,37.885588,-122.228932,304.000000,2.893000,2016-10-27 00:43:27,11,1778.000000,20161026171349
412.400000,70,7953.160000,164.000000,37.885573,-122.228905,300.000000,2.883000,2016-10-27 00:43:28,11,1779.000000,20161026171349
412.800000,69,7956.160000,163.000000,37.885559,-122.228876,300.000000,2.967000,2016-10-27 00:43:29,11,1780.000000,20161026171349
413.200000,72,7959.100000,164.000000,37.885544,-122.228849,292.000000,2.967000,2016-10-27 00:43:30,11,1781.000000,20161026171349
413.400000,72,7962.110000,163.000000,37.885529,-122.228820,323.000000,3.004000,2016-10-27 00:43:31,11,1782.000000,20161026171349
413.800000,71,7965.070000,164.000000,37.885514,-122.228793,274.000000,2.986000,2016-10-27 00:43:32,11,1783.000000,20161026171349
414.200000,71,7968.020000,164.000000,37.885498,-122.228766,278.000000,2.976000,2016-10-27 00:43:33,11,1784.000000,20161026171349
414.400000,70,7970.940000,164.000000,37.885481,-122.228740,282.000000,2.855000,2016-10-27 00:43:34,11,1785.000000,20161026171349
414.800000,72,7973.830000,164.000000,37.885463,-122.228717,292.000000,2.874000,2016-10-27 00:43:35,11,1786.000000,20161026171349
415.200000,72,7976.780000,164.000000,37.885443,-122.228694,289.000000,2.911000,2016-10-27 00:43:36,11,1787.000000,20161026171349
415.600000,72,7979.800000,164.000000,37.885425,-122.228669,343.000000,3.051000,2016-10-27 00:43:37,11,1788.000000,20161026171349
415.800000,72,7982.710000,164.000000,37.885406,-122.228645,343.000000,2.893000,2016-10-27 00:43:38,11,1789.000000,20161026171349
416.200000,72,7985.660000,164.000000,37.885387,-122.228622,311.000000,2.911000,2016-10-27 00:43:39,11,1790.000000,20161026171349
416.600000,69,7988.600000,164.000000,37.885367,-122.228601,311.000000,2.883000,2016-10-27 00:43:40,11,1791.000000,20161026171349
416.800000,71,7991.510000,165.000000,37.885345,-122.228582,299.000000,2.874000,2016-10-27 00:43:41,11,1792.000000,20161026171349
417.200000,69,7994.390000,165.000000,37.885323,-122.228564,293.000000,2.865000,2016-10-27 00:43:42,11,1793.000000,20161026171349
417.600000,71,7997.260000,165.000000,37.885302,-122.228546,309.000000,2.865000,2016-10-27 00:43:43,11,1794.000000,20161026171349
418.000000,71,8000.200000,165.000000,37.885279,-122.228529,318.000000,2.967000,2016-10-27 00:43:44,11,1795.000000,20161026171349
418.400000,71,8003.140000,165.000000,37.885257,-122.228511,310.000000,2.958000,2016-10-27 00:43:45,11,1796.000000,20161026171349
418.800000,73,8006.100000,165.000000,37.885233,-122.228495,310.000000,2.986000,2016-10-27 00:43:46,11,1797.000000,20161026171349
419.200000,73,8009.070000,165.000000,37.885211,-122.228476,322.000000,2.986000,2016-10-27 00:43:47,11,1798.000000,20161026171349
419.600000,71,8012.080000,166.000000,37.885188,-122.228458,322.000000,2.967000,2016-10-27 00:43:48,11,1799.000000,20161026171349
420.000000,73,8015.080000,166.000000,37.885164,-122.228443,271.000000,3.004000,2016-10-27 00:43:49,11,1800.000000,20161026171349
420.200000,71,8018.140000,166.000000,37.885140,-122.228426,287.000000,3.004000,2016-10-27 00:43:50,11,1801.000000,20161026171349
420.600000,70,8021.200000,166.000000,37.885116,-122.228408,303.000000,2.911000,2016-10-27 00:43:51,11,1802.000000,20161026171349
420.800000,71,8024.180000,166.000000,37.885092,-122.228394,304.000000,2.911000,2016-10-27 00:43:52,11,1803.000000,20161026171349
421.200000,71,8027.170000,166.000000,37.885068,-122.228376,302.000000,2.939000,2016-10-27 00:43:53,11,1804.000000,20161026171349
421.400000,71,8030.120000,166.000000,37.885045,-122.228359,314.000000,2.939000,2016-10-27 00:43:54,11,1805.000000,20161026171349
421.800000,70,8033.080000,165.000000,37.885024,-122.228340,314.000000,2.911000,2016-10-27 00:43:55,11,1806.000000,20161026171349
422.000000,69,8036.050000,166.000000,37.885001,-122.228321,310.000000,2.911000,2016-10-27 00:43:56,11,1807.000000,20161026171349
422.400000,68,8038.940000,165.000000,37.884979,-122.228304,310.000000,2.902000,2016-10-27 00:43:57,11,1808.000000,20161026171349
422.800000,67,8041.670000,165.000000,37.884958,-122.228287,310.000000,2.547000,2016-10-27 00:43:58,11,1809.000000,20161026171349
423.200000,68,8044.230000,165.000000,37.884939,-122.228272,320.000000,2.575000,2016-10-27 00:43:59,11,1810.000000,20161026171349
423.400000,71,8046.870000,165.000000,37.884918,-122.228257,358.000000,2.706000,2016-10-27 00:44:00,11,1811.000000,20161026171349
423.800000,75,8049.600000,166.000000,37.884898,-122.228239,366.000000,2.687000,2016-10-27 00:44:01,11,1812.000000,20161026171349
424.200000,75,8052.230000,165.000000,37.884878,-122.228222,324.000000,2.678000,2016-10-27 00:44:02,11,1813.000000,20161026171349
424.600000,73,8054.830000,165.000000,37.884860,-122.228202,324.000000,2.669000,2016-10-27 00:44:03,11,1814.000000,20161026171349
425.200000,74,8057.470000,165.000000,37.884840,-122.228185,318.000000,2.669000,2016-10-27 00:44:04,11,1815.000000,20161026171349
425.600000,74,8060.250000,165.000000,37.884819,-122.228169,306.000000,2.669000,2016-10-27 00:44:05,11,1816.000000,20161026171349
426.200000,74,8062.850000,165.000000,37.884798,-122.228156,314.000000,2.463000,2016-10-27 00:44:06,11,1817.000000,20161026171349
426.600000,75,8065.560000,165.000000,37.884775,-122.228144,281.000000,2.715000,2016-10-27 00:44:07,11,1818.000000,20161026171349
427.000000,75,8068.250000,165.000000,37.884754,-122.228129,292.000000,2.687000,2016-10-27 00:44:08,11,1819.000000,20161026171349
427.200000,76,8071.090000,165.000000,37.884730,-122.228118,269.000000,2.715000,2016-10-27 00:44:09,11,1820.000000,20161026171349
427.800000,76,8074.040000,165.000000,37.884704,-122.228108,264.000000,2.874000,2016-10-27 00:44:10,11,1821.000000,20161026171349
428.200000,78,8077.250000,165.000000,37.884677,-122.228096,264.000000,3.051000,2016-10-27 00:44:11,11,1822.000000,20161026171349
428.800000,80,8080.290000,165.000000,37.884651,-122.228087,260.000000,2.911000,2016-10-27 00:44:12,11,1823.000000,20161026171349
429.200000,79,8083.160000,165.000000,37.884625,-122.228080,237.000000,2.818000,2016-10-27 00:44:13,11,1824.000000,20161026171349
429.600000,78,8086.110000,164.000000,37.884599,-122.228076,264.000000,2.725000,2016-10-27 00:44:14,11,1825.000000,20161026171349
430.000000,81,8089.270000,164.000000,37.884571,-122.228071,254.000000,2.827000,2016-10-27 00:44:15,11,1826.000000,20161026171349
430.400000,80,8092.460000,164.000000,37.884542,-122.228071,252.000000,2.986000,2016-10-27 00:44:16,11,1827.000000,20161026171349
430.600000,80,8095.280000,164.000000,37.884517,-122.228073,263.000000,2.687000,2016-10-27 00:44:17,11,1828.000000,20161026171349
431.000000,79,8098.120000,164.000000,37.884491,-122.228076,284.000000,2.547000,2016-10-27 00:44:18,11,1829.000000,20161026171349
431.200000,79,8100.650000,163.000000,37.884468,-122.228076,288.000000,2.435000,2016-10-27 00:44:19,11,1830.000000,20161026171349
431.400000,79,8103.610000,163.000000,37.884441,-122.228077,267.000000,2.547000,2016-10-27 00:44:20,11,1831.000000,20161026171349
431.800000,79,8107.140000,163.000000,37.884410,-122.228078,273.000000,2.948000,2016-10-27 00:44:21,11,1832.000000,20161026171349
432.000000,77,8110.400000,163.000000,37.884381,-122.228084,274.000000,2.846000,2016-10-27 00:44:22,11,1833.000000,20161026171349
432.400000,76,8114.300000,163.000000,37.884347,-122.228096,287.000000,3.135000,2016-10-27 00:44:23,11,1834.000000,20161026171349
432.800000,78,8118.130000,163.000000,37.884313,-122.228107,317.000000,3.116000,2016-10-27 00:44:24,11,1835.000000,20161026171349
433.200000,77,8122.100000,163.000000,37.884279,-122.228119,297.000000,3.238000,2016-10-27 00:44:25,11,1836.000000,20161026171349
433.400000,74,8125.970000,163.000000,37.884245,-122.228131,267.000000,3.116000,2016-10-27 00:44:26,11,1837.000000,20161026171349
433.800000,75,8129.490000,163.000000,37.884214,-122.228138,292.000000,3.098000,2016-10-27 00:44:27,11,1838.000000,20161026171349
434.200000,75,8132.980000,163.000000,37.884183,-122.228144,303.000000,3.116000,2016-10-27 00:44:28,11,1839.000000,20161026171349
434.600000,77,8136.570000,163.000000,37.884151,-122.228150,325.000000,3.107000,2016-10-27 00:44:29,11,1840.000000,20161026171349
435.000000,77,8140.060000,163.000000,37.884120,-122.228157,299.000000,3.228000,2016-10-27 00:44:30,11,1841.000000,20161026171349
435.200000,74,8143.470000,163.000000,37.884090,-122.228163,293.000000,3.098000,2016-10-27 00:44:31,11,1842.000000,20161026171349
435.600000,75,8146.740000,163.000000,37.884060,-122.228167,313.000000,3.088000,2016-10-27 00:44:32,11,1843.000000,20161026171349
436.000000,76,8150.210000,164.000000,37.884029,-122.228172,314.000000,3.098000,2016-10-27 00:44:33,11,1844.000000,20161026171349
436.200000,76,8153.570000,164.000000,37.883999,-122.228175,292.000000,3.126000,2016-10-27 00:44:34,11,1845.000000,20161026171349
436.600000,75,8156.940000,164.000000,37.883969,-122.228175,286.000000,3.163000,2016-10-27 00:44:35,11,1846.000000,20161026171349
436.800000,75,8160.350000,164.000000,37.883938,-122.228173,291.000000,3.126000,2016-10-27 00:44:36,11,1847.000000,20161026171349
437.200000,76,8163.680000,165.000000,37.883908,-122.228170,291.000000,3.135000,2016-10-27 00:44:37,11,1848.000000,20161026171349
437.600000,77,8167.100000,165.000000,37.883878,-122.228164,287.000000,3.154000,2016-10-27 00:44:38,11,1849.000000,20161026171349
438.000000,77,8170.510000,165.000000,37.883848,-122.228155,305.000000,3.154000,2016-10-27 00:44:39,11,1850.000000,20161026171349
438.400000,75,8173.840000,165.000000,37.883819,-122.228142,305.000000,3.163000,2016-10-27 00:44:40,11,1851.000000,20161026171349
438.800000,77,8177.130000,165.000000,37.883792,-122.228128,341.000000,3.163000,2016-10-27 00:44:41,11,1852.000000,20161026171349
439.200000,76,8180.410000,166.000000,37.883765,-122.228112,327.000000,3.163000,2016-10-27 00:44:42,11,1853.000000,20161026171349
439.600000,76,8183.670000,165.000000,37.883740,-122.228092,319.000000,3.163000,2016-10-27 00:44:43,11,1854.000000,20161026171349
440.000000,78,8186.940000,165.000000,37.883717,-122.228069,311.000000,3.172000,2016-10-27 00:44:44,11,1855.000000,20161026171349
440.400000,77,8190.160000,165.000000,37.883695,-122.228044,333.000000,3.172000,2016-10-27 00:44:45,11,1856.000000,20161026171349
440.800000,76,8193.360000,166.000000,37.883675,-122.228019,319.000000,3.191000,2016-10-27 00:44:46,11,1857.000000,20161026171349
441.600000,78,8196.480000,166.000000,37.883656,-122.227992,326.000000,3.182000,2016-10-27 00:44:47,11,1858.000000,20161026171349
441.800000,79,8199.690000,166.000000,37.883640,-122.227962,299.000000,3.200000,2016-10-27 00:44:48,11,1859.000000,20161026171349
442.200000,78,8203.030000,166.000000,37.883625,-122.227928,313.000000,3.210000,2016-10-27 00:44:49,11,1860.000000,20161026171349
442.600000,78,8206.270000,165.000000,37.883612,-122.227896,301.000000,3.219000,2016-10-27 00:44:50,11,1861.000000,20161026171349
443.000000,79,8209.400000,166.000000,37.883601,-122.227863,301.000000,3.219000,2016-10-27 00:44:51,11,1862.000000,20161026171349
443.200000,79,8212.670000,166.000000,37.883591,-122.227828,295.000000,3.238000,2016-10-27 00:44:52,11,1863.000000,20161026171349
443.600000,79,8215.970000,166.000000,37.883581,-122.227793,287.000000,3.238000,2016-10-27 00:44:53,11,1864.000000,20161026171349
444.000000,80,8219.240000,166.000000,37.883571,-122.227758,287.000000,3.247000,2016-10-27 00:44:54,11,1865.000000,20161026171349
444.400000,79,8222.590000,166.000000,37.883563,-122.227721,274.000000,3.415000,2016-10-27 00:44:55,11,1866.000000,20161026171349
444.800000,80,8226.020000,166.000000,37.883558,-122.227682,250.000000,3.387000,2016-10-27 00:44:56,11,1867.000000,20161026171349
445.200000,81,8229.430000,166.000000,37.883552,-122.227644,274.000000,3.303000,2016-10-27 00:44:57,11,1868.000000,20161026171349
445.400000,81,8232.700000,166.000000,37.883546,-122.227608,261.000000,3.144000,2016-10-27 00:44:58,11,1869.000000,20161026171349
445.800000,79,8235.930000,166.000000,37.883540,-122.227572,267.000000,3.163000,2016-10-27 00:44:59,11,1870.000000,20161026171349
446.000000,81,8239.280000,166.000000,37.883534,-122.227535,277.000000,3.266000,2016-10-27 00:45:00,11,1871.000000,20161026171349
446.400000,79,8242.640000,166.000000,37.883527,-122.227497,268.000000,3.238000,2016-10-27 00:45:01,11,1872.000000,20161026171349
446.800000,80,8246.050000,166.000000,37.883516,-122.227461,275.000000,3.210000,2016-10-27 00:45:02,11,1873.000000,20161026171349
447.200000,78,8249.370000,166.000000,37.883504,-122.227427,274.000000,3.210000,2016-10-27 00:45:03,11,1874.000000,20161026171349
447.400000,81,8252.690000,166.000000,37.883490,-122.227393,309.000000,3.079000,2016-10-27 00:45:04,11,1875.000000,20161026171349
447.800000,78,8256.010000,165.000000,37.883476,-122.227360,314.000000,3.247000,2016-10-27 00:45:05,11,1876.000000,20161026171349
448.200000,79,8259.380000,166.000000,37.883461,-122.227326,322.000000,3.098000,2016-10-27 00:45:06,11,1877.000000,20161026171349
448.400000,78,8262.560000,165.000000,37.883445,-122.227297,286.000000,3.070000,2016-10-27 00:45:07,11,1878.000000,20161026171349
448.800000,77,8265.710000,166.000000,37.883427,-122.227269,297.000000,3.032000,2016-10-27 00:45:08,11,1879.000000,20161026171349
449.000000,76,8268.940000,165.000000,37.883408,-122.227241,264.000000,3.051000,2016-10-27 00:45:09,11,1880.000000,20161026171349
449.200000,78,8272.180000,165.000000,37.883386,-122.227216,280.000000,3.070000,2016-10-27 00:45:10,11,1881.000000,20161026171349
449.600000,77,8275.400000,165.000000,37.883365,-122.227192,297.000000,3.088000,2016-10-27 00:45:11,11,1882.000000,20161026171349
450.200000,78,8278.620000,165.000000,37.883343,-122.227168,315.000000,3.070000,2016-10-27 00:45:12,11,1883.000000,20161026171349
450.600000,79,8281.840000,165.000000,37.883321,-122.227143,299.000000,3.079000,2016-10-27 00:45:13,11,1884.000000,20161026171349
450.800000,80,8285.200000,165.000000,37.883299,-122.227117,312.000000,3.238000,2016-10-27 00:45:14,11,1885.000000,20161026171349
451.000000,80,8288.530000,165.000000,37.883279,-122.227089,279.000000,3.107000,2016-10-27 00:45:15,11,1886.000000,20161026171349
451.400000,80,8291.800000,165.000000,37.883258,-122.227063,290.000000,3.135000,2016-10-27 00:45:16,11,1887.000000,20161026171349
451.800000,79,8294.980000,165.000000,37.883236,-122.227039,268.000000,3.051000,2016-10-27 00:45:17,11,1888.000000,20161026171349
452.200000,80,8298.140000,165.000000,37.883215,-122.227015,295.000000,2.930000,2016-10-27 00:45:18,11,1889.000000,20161026171349
452.400000,83,8301.410000,165.000000,37.883192,-122.226992,294.000000,3.126000,2016-10-27 00:45:19,11,1890.000000,20161026171349
452.800000,74,8304.930000,165.000000,37.883167,-122.226968,204.000000,3.340000,2016-10-27 00:45:20,11,1891.000000,20161026171349
453.600000,73,8308.460000,165.000000,37.883145,-122.226939,298.000000,3.322000,2016-10-27 00:45:21,11,1892.000000,20161026171349
454.000000,74,8312.010000,165.000000,37.883123,-122.226910,296.000000,3.350000,2016-10-27 00:45:22,11,1893.000000,20161026171349
454.200000,76,8315.530000,164.000000,37.883098,-122.226884,274.000000,3.424000,2016-10-27 00:45:23,11,1894.000000,20161026171349
454.600000,76,8319.090000,164.000000,37.883073,-122.226859,262.000000,3.555000,2016-10-27 00:45:24,11,1895.000000,20161026171349
455.000000,76,8322.690000,164.000000,37.883047,-122.226835,262.000000,3.555000,2016-10-27 00:45:25,11,1896.000000,20161026171349
455.200000,76,8326.290000,164.000000,37.883020,-122.226812,250.000000,3.574000,2016-10-27 00:45:26,11,1897.000000,20161026171349
455.600000,75,8329.900000,163.000000,37.882992,-122.226790,243.000000,3.583000,2016-10-27 00:45:27,11,1898.000000,20161026171349
456.000000,75,8333.570000,163.000000,37.882962,-122.226773,211.000000,3.574000,2016-10-27 00:45:28,11,1899.000000,20161026171349
456.200000,74,8337.140000,163.000000,37.882932,-122.226758,210.000000,3.536000,2016-10-27 00:45:29,11,1900.000000,20161026171349
456.600000,77,8340.760000,163.000000,37.882901,-122.226744,155.000000,3.555000,2016-10-27 00:45:30,11,1901.000000,20161026171349
457.000000,78,8344.450000,163.000000,37.882869,-122.226733,162.000000,3.667000,2016-10-27 00:45:31,11,1902.000000,20161026171349
457.400000,81,8348.290000,162.000000,37.882836,-122.226721,103.000000,3.854000,2016-10-27 00:45:32,11,1903.000000,20161026171349
457.600000,74,8352.270000,162.000000,37.882801,-122.226711,104.000000,3.938000,2016-10-27 00:45:33,11,1904.000000,20161026171349
458.000000,74,8356.320000,162.000000,37.882766,-122.226697,153.000000,4.050000,2016-10-27 00:45:34,11,1905.000000,20161026171349
458.200000,82,8360.560000,161.000000,37.882731,-122.226678,121.000000,4.292000,2016-10-27 00:45:35,11,1906.000000,20161026171349
458.600000,74,8365.180000,161.000000,37.882693,-122.226655,111.000000,4.675000,2016-10-27 00:45:36,11,1907.000000,20161026171349
458.800000,81,8370.300000,161.000000,37.882656,-122.226621,147.000000,5.141000,2016-10-27 00:45:37,11,1908.000000,20161026171349
458.800000,86,8375.840000,161.000000,37.882617,-122.226582,144.000000,5.552000,2016-10-27 00:45:38,11,1909.000000,20161026171349
459.000000,91,8381.680000,160.000000,37.882576,-122.226540,167.000000,5.878000,2016-10-27 00:45:39,11,1910.000000,20161026171349
459.000000,84,8387.820000,159.000000,37.882531,-122.226499,137.000000,6.233000,2016-10-27 00:45:40,11,1911.000000,20161026171349
459.000000,81,8394.160000,159.000000,37.882487,-122.226454,150.000000,6.252000,2016-10-27 00:45:41,11,1912.000000,20161026171349
459.000000,82,8400.820000,158.000000,37.882444,-122.226401,146.000000,6.438000,2016-10-27 00:45:42,11,1913.000000,20161026171349
459.000000,82,8407.340000,158.000000,37.882395,-122.226359,155.000000,6.448000,2016-10-27 00:45:43,11,1914.000000,20161026171349
459.000000,84,8413.920000,157.000000,37.882347,-122.226315,142.000000,6.550000,2016-10-27 00:45:44,11,1915.000000,20161026171349
459.000000,83,8420.420000,156.000000,37.882299,-122.226274,169.000000,6.457000,2016-10-27 00:45:45,11,1916.000000,20161026171349
459.000000,82,8426.850000,155.000000,37.882246,-122.226242,178.000000,6.429000,2016-10-27 00:45:46,11,1917.000000,20161026171349
458.600000,80,8433.240000,155.000000,37.882193,-122.226215,170.000000,6.224000,2016-10-27 00:45:47,11,1918.000000,20161026171349
458.600000,80,8439.310000,154.000000,37.882142,-122.226190,169.000000,5.850000,2016-10-27 00:45:48,11,1919.000000,20161026171349
458.400000,81,8445.080000,153.000000,37.882092,-122.226170,150.000000,5.626000,2016-10-27 00:45:49,11,1920.000000,20161026171349
458.400000,80,8450.850000,153.000000,37.882042,-122.226155,172.000000,5.645000,2016-10-27 00:45:50,11,1921.000000,20161026171349
458.400000,100,8456.870000,153.000000,37.881989,-122.226140,86.000000,5.757000,2016-10-27 00:45:51,11,1922.000000,20161026171349
458.400000,100,8462.620000,152.000000,37.881937,-122.226128,227.000000,5.458000,2016-10-27 00:45:52,11,1923.000000,20161026171349
458.400000,92,8467.660000,152.000000,37.881893,-122.226116,227.000000,4.609000,2016-10-27 00:45:53,11,1924.000000,20161026171349
458.400000,83,8471.940000,152.000000,37.881855,-122.226104,286.000000,4.078000,2016-10-27 00:45:54,11,1925.000000,20161026171349
458.400000,77,8475.460000,151.000000,37.881824,-122.226093,270.000000,3.256000,2016-10-27 00:45:55,11,1926.000000,20161026171349
458.400000,72,8478.530000,151.000000,37.881797,-122.226086,299.000000,2.948000,2016-10-27 00:45:56,11,1927.000000,20161026171349
458.400000,68,8481.320000,151.000000,37.881772,-122.226079,325.000000,2.725000,2016-10-27 00:45:57,11,1928.000000,20161026171349
458.600000,68,8483.940000,150.000000,37.881749,-122.226074,352.000000,2.594000,2016-10-27 00:45:58,11,1929.000000,20161026171349
458.800000,68,8486.560000,150.000000,37.881726,-122.226067,352.000000,2.594000,2016-10-27 00:45:59,11,1930.000000,20161026171349
459.400000,68,8489.300000,150.000000,37.881702,-122.226059,345.000000,2.603000,2016-10-27 00:46:00,11,1931.000000,20161026171349
460.000000,69,8492.210000,150.000000,37.881677,-122.226050,345.000000,2.771000,2016-10-27 00:46:01,11,1932.000000,20161026171349
460.800000,69,8495.270000,150.000000,37.881650,-122.226045,346.000000,2.790000,2016-10-27 00:46:02,11,1933.000000,20161026171349
461.800000,69,8498.310000,150.000000,37.881623,-122.226039,344.000000,2.921000,2016-10-27 00:46:03,11,1934.000000,20161026171349
462.400000,69,8501.340000,151.000000,37.881596,-122.226032,342.000000,2.790000,2016-10-27 00:46:04,11,1935.000000,20161026171349
462.800000,69,8504.340000,151.000000,37.881569,-122.226025,320.000000,2.827000,2016-10-27 00:46:05,11,1936.000000,20161026171349
463.200000,69,8507.360000,151.000000,37.881543,-122.226015,334.000000,2.930000,2016-10-27 00:46:06,11,1937.000000,20161026171349
463.600000,71,8510.380000,151.000000,37.881517,-122.226003,334.000000,2.921000,2016-10-27 00:46:07,11,1938.000000,20161026171349
464.000000,72,8513.410000,152.000000,37.881491,-122.225993,328.000000,2.948000,2016-10-27 00:46:08,11,1939.000000,20161026171349
464.600000,73,8516.460000,152.000000,37.881465,-122.225981,317.000000,2.967000,2016-10-27 00:46:09,11,1940.000000,20161026171349
465.000000,72,8519.560000,153.000000,37.881440,-122.225968,317.000000,2.967000,2016-10-27 00:46:10,11,1941.000000,20161026171349
465.400000,72,8522.620000,153.000000,37.881414,-122.225956,302.000000,2.995000,2016-10-27 00:46:11,11,1942.000000,20161026171349
465.800000,73,8525.690000,153.000000,37.881387,-122.225946,306.000000,3.004000,2016-10-27 00:46:12,11,1943.000000,20161026171349
466.200000,73,8528.720000,154.000000,37.881361,-122.225935,328.000000,3.014000,2016-10-27 00:46:13,11,1944.000000,20161026171349
466.400000,75,8531.830000,154.000000,37.881336,-122.225919,324.000000,3.042000,2016-10-27 00:46:14,11,1945.000000,20161026171349
466.800000,74,8534.990000,155.000000,37.881311,-122.225902,302.000000,3.070000,2016-10-27 00:46:15,11,1946.000000,20161026171349
467.200000,74,8538.160000,155.000000,37.881286,-122.225885,317.000000,3.088000,2016-10-27 00:46:16,11,1947.000000,20161026171349
467.600000,73,8541.250000,156.000000,37.881262,-122.225867,320.000000,3.098000,2016-10-27 00:46:17,11,1948.000000,20161026171349
468.000000,73,8544.310000,156.000000,37.881237,-122.225851,319.000000,3.088000,2016-10-27 00:46:18,11,1949.000000,20161026171349
468.200000,73,8547.400000,156.000000,37.881213,-122.225835,309.000000,3.079000,2016-10-27 00:46:19,11,1950.000000,20161026171349
468.600000,73,8550.420000,157.000000,37.881189,-122.225818,317.000000,3.060000,2016-10-27 00:46:20,11,1951.000000,20161026171349
469.000000,72,8553.410000,157.000000,37.881165,-122.225803,317.000000,3.042000,2016-10-27 00:46:21,11,1952.000000,20161026171349
469.400000,70,8556.300000,157.000000,37.881141,-122.225790,318.000000,3.023000,2016-10-27 00:46:22,11,1953.000000,20161026171349
469.600000,71,8559.240000,157.000000,37.881117,-122.225775,333.000000,2.930000,2016-10-27 00:46:23,11,1954.000000,20161026171349
470.000000,72,8562.190000,158.000000,37.881094,-122.225759,333.000000,2.958000,2016-10-27 00:46:24,11,1955.000000,20161026171349
470.400000,72,8565.160000,158.000000,37.881070,-122.225744,333.000000,3.051000,2016-10-27 00:46:25,11,1956.000000,20161026171349
470.800000,73,8568.220000,158.000000,37.881046,-122.225727,333.000000,3.032000,2016-10-27 00:46:26,11,1957.000000,20161026171349
471.200000,71,8571.260000,159.000000,37.881021,-122.225711,347.000000,3.023000,2016-10-27 00:46:27,11,1958.000000,20161026171349
471.600000,72,8574.250000,159.000000,37.880997,-122.225696,331.000000,2.995000,2016-10-27 00:46:28,11,1959.000000,20161026171349
472.000000,72,8577.270000,159.000000,37.880973,-122.225680,332.000000,3.023000,2016-10-27 00:46:29,11,1960.000000,20161026171349
472.600000,73,8580.290000,160.000000,37.880948,-122.225667,332.000000,3.042000,2016-10-27 00:46:30,11,1961.000000,20161026171349
473.400000,74,8583.350000,160.000000,37.880923,-122.225653,332.000000,3.032000,2016-10-27 00:46:31,11,1962.000000,20161026171349
474.000000,74,8586.390000,161.000000,37.880897,-122.225640,317.000000,3.051000,2016-10-27 00:46:32,11,1963.000000,20161026171349
474.400000,73,8589.480000,161.000000,37.880872,-122.225625,325.000000,3.070000,2016-10-27 00:46:33,11,1964.000000,20161026171349
474.800000,73,8592.540000,162.000000,37.880846,-122.225613,311.000000,3.070000,2016-10-27 00:46:34,11,1965.000000,20161026171349
475.200000,73,8595.640000,162.000000,37.880820,-122.225601,311.000000,3.079000,2016-10-27 00:46:35,11,1966.000000,20161026171349
475.600000,75,8598.740000,162.000000,37.880794,-122.225590,315.000000,3.088000,2016-10-27 00:46:36,11,1967.000000,20161026171349
476.000000,74,8601.850000,163.000000,37.880767,-122.225580,307.000000,3.088000,2016-10-27 00:46:37,11,1968.000000,20161026171349
476.200000,75,8605.000000,163.000000,37.880739,-122.225572,322.000000,3.191000,2016-10-27 00:46:38,11,1969.000000,20161026171349
476.600000,77,8608.170000,164.000000,37.880711,-122.225565,332.000000,3.154000,2016-10-27 00:46:39,11,1970.000000,20161026171349
477.000000,73,8611.250000,164.000000,37.880683,-122.225561,349.000000,3.070000,2016-10-27 00:46:40,11,1971.000000,20161026171349
477.400000,72,8614.350000,165.000000,37.880656,-122.225557,341.000000,3.042000,2016-10-27 00:46:41,11,1972.000000,20161026171349
477.800000,72,8617.360000,165.000000,37.880629,-122.225553,360.000000,2.930000,2016-10-27 00:46:42,11,1973.000000,20161026171349
478.200000,75,8620.390000,165.000000,37.880601,-122.225554,337.000000,3.126000,2016-10-27 00:46:43,11,1974.000000,20161026171349
478.400000,73,8623.600000,165.000000,37.880573,-122.225561,356.000000,3.144000,2016-10-27 00:46:44,11,1975.000000,20161026171349
478.800000,75,8626.820000,166.000000,37.880545,-122.225570,350.000000,3.256000,2016-10-27 00:46:45,11,1976.000000,20161026171349
479.200000,76,8630.060000,165.000000,37.880517,-122.225582,361.000000,3.275000,2016-10-27 00:46:46,11,1977.000000,20161026171349
479.400000,74,8633.210000,166.000000,37.880490,-122.225593,341.000000,3.098000,2016-10-27 00:46:47,11,1978.000000,20161026171349
479.800000,73,8636.100000,166.000000,37.880466,-122.225605,345.000000,3.060000,2016-10-27 00:46:48,11,1979.000000,20161026171349
480.400000,74,8639.130000,166.000000,37.880442,-122.225621,318.000000,3.060000,2016-10-27 00:46:49,11,1980.000000,20161026171349
480.800000,72,8642.290000,166.000000,37.880418,-122.225641,360.000000,3.051000,2016-10-27 00:46:50,11,1981.000000,20161026171349
481.200000,72,8645.490000,166.000000,37.880394,-122.225661,408.000000,3.154000,2016-10-27 00:46:51,11,1982.000000,20161026171349
481.800000,73,8648.560000,166.000000,37.880370,-122.225680,408.000000,3.032000,2016-10-27 00:46:52,11,1983.000000,20161026171349
482.200000,71,8651.500000,166.000000,37.880348,-122.225698,397.000000,2.837000,2016-10-27 00:46:53,11,1984.000000,20161026171349
482.600000,67,8654.490000,166.000000,37.880325,-122.225714,373.000000,3.098000,2016-10-27 00:46:54,11,1985.000000,20161026171349
483.000000,68,8657.380000,166.000000,37.880303,-122.225733,305.000000,2.781000,2016-10-27 00:46:55,11,1986.000000,20161026171349
483.400000,70,8660.180000,167.000000,37.880288,-122.225759,325.000000,2.930000,2016-10-27 00:46:56,11,1987.000000,20161026171349
483.800000,70,8663.330000,167.000000,37.880273,-122.225790,325.000000,3.098000,2016-10-27 00:46:57,11,1988.000000,20161026171349
484.200000,72,8666.510000,167.000000,37.880258,-122.225820,325.000000,3.014000,2016-10-27 00:46:58,11,1989.000000,20161026171349
484.600000,72,8669.610000,167.000000,37.880240,-122.225847,360.000000,3.107000,2016-10-27 00:46:59,11,1990.000000,20161026171349
485.000000,75,8672.690000,167.000000,37.880221,-122.225872,350.000000,3.079000,2016-10-27 00:47:00,11,1991.000000,20161026171349
485.400000,72,8675.730000,167.000000,37.880201,-122.225897,334.000000,3.060000,2016-10-27 00:47:01,11,1992.000000,20161026171349
485.800000,72,8678.760000,167.000000,37.880182,-122.225921,307.000000,3.023000,2016-10-27 00:47:02,11,1993.000000,20161026171349
486.400000,73,8681.690000,168.000000,37.880163,-122.225944,329.000000,2.930000,2016-10-27 00:47:03,11,1994.000000,20161026171349
486.800000,72,8684.700000,167.000000,37.880142,-122.225965,326.000000,3.107000,2016-10-27 00:47:04,11,1995.000000,20161026171349
487.400000,72,8687.600000,167.000000,37.880120,-122.225985,347.000000,2.976000,2016-10-27 00:47:05,11,1996.000000,20161026171349
487.800000,71,8690.350000,167.000000,37.880099,-122.226001,347.000000,2.781000,2016-10-27 00:47:06,11,1997.000000,20161026171349
488.200000,72,8693.220000,167.000000,37.880077,-122.226018,367.000000,2.874000,2016-10-27 00:47:07,11,1998.000000,20161026171349
488.600000,72,8696.210000,168.000000,37.880053,-122.226033,316.000000,2.976000,2016-10-27 00:47:08,11,1999.000000,20161026171349
